9,0
10,0
13,0
14,0
17,0
18,0
19,0
27,0
31,0
32,0
33,0
36,0
39,0
40,0
41,0
44,0
48,0
49,0
52,0
53,0
56,0
59,0
60,0
61,0
63,0
64,0
65,0
69,0
70,0
71,0
72,0
73,0
81,0
82,0
83,0
84,0
91,0
92,0
95,0
98,0
99,0
102,0
105,0
108,0
122,0
123,0
124,0
125,0
128,0
129,0
130,0
134,0
135,0
138,0
139,0
140,0
143,0
144,0
147,0
150,0
152,0
156,0
157,0
158,0
167,0
168,0
169,0
172,0
180,0
183,0.090909
184,0.090909
185,0.090909
186,0.090909
190,0.090909
193,0.16667
194,0.16667
195,0.16667
201,0.14286
204,0.14286
205,0.14286
208,0.13333
213,0.13333
214,0.13333
216,0.13333
217,0.13333
218,0.13333
219,0.13333
220,0.13333
221,0.13333
222,0.13333
223,0.13333
224,0.13333
227,0.13333
228,0.13333
230,0.13333
234,0.13333
235,0.13333
238,0.13333
242,0.13333
243,0.13333
244,0.13333
245,0.13333
251,0.13333
252,0.13333
253,0.13333
256,0.125
267,0.125
268,0.125
279,0.125
280,0.125
281,0.125
282,0.125
283,0.125
284,0.125
285,0.125
286,0.125
289,0.17647
290,0.17647
291,0.17647
292,0.17647
295,0.17647
296,0.17647
297,0.17647
301,0.22222
302,0.22222
308,0.21053
309,0.21053
312,0.25
315,0.25
318,0.25
319,0.25
326,0.25
327,0.25
328,0.25
329,0.25
330,0.25
331,0.25
336,0.25
337,0.25
340,0.25
341,0.25
342,0.25
348,0.2381
349,0.2381
350,0.2381
351,0.2381
353,0.2381
354,0.2381
356,0.2381
358,0.2381
360,0.2381
364,0.22727
373,0.22727
380,0.20833
382,0.20833
383,0.20833
386,0.2
390,0.2
394,0.2
397,0.2
400,0.19231
401,0.19231
405,0.19231
406,0.19231
407,0.19231
409,0.19231
412,0.18519
413,0.18519
415,0.18519
416,0.18519
421,0.18519
422,0.18519
423,0.18519
426,0.18519
427,0.18519
429,0.18519
432,0.17857
433,0.17857
434,0.17857
437,0.17857
444,0.17857
445,0.17857
448,0.17857
449,0.17857
450,0.17857
451,0.17857
455,0.17857
456,0.17857
457,0.17857
460,0.17857
464,0.17857
465,0.17857
466,0.17857
467,0.17857
469,0.17857
476,0.17241
477,0.17241
478,0.17241
484,0.16667
489,0.16667
492,0.16667
493,0.16667
496,0.16667
497,0.16667
498,0.16667
499,0.16667
500,0.16667
507,0.16667
510,0.16667
511,0.16667
514,0.16667
515,0.16667
519,0.16667
523,0.16129
526,0.16129
527,0.16129
530,0.16129
531,0.16129
532,0.16129
534,0.16129
540,0.16129
541,0.16129
542,0.16129
543,0.16129
548,0.16129
558,0.15625
559,0.15625
561,0.15625
562,0.15625
568,0.15625
569,0.15625
570,0.15625
571,0.15625
572,0.15625
573,0.15625
575,0.15625
576,0.15625
578,0.15625
579,0.15625
580,0.15625
581,0.15625
582,0.15625
583,0.15625
584,0.15625
585,0.15625
588,0.15152
591,0.15152
597,0.14706
599,0.14706
602,0.14706
603,0.14706
604,0.14706
605,0.14706
608,0.14286
609,0.14286
610,0.14286
611,0.14286
612,0.14286
613,0.14286
614,0.14286
617,0.14286
619,0.14286
620,0.14286
621,0.14286
624,0.13889
629,0.13514
630,0.13514
631,0.13514
634,0.13158
638,0.12821
639,0.12821
640,0.12821
641,0.12821
644,0.12821
647,0.15
648,0.15
649,0.15
650,0.15
651,0.15
652,0.15
655,0.15
657,0.15
658,0.15
659,0.15
662,0.15
666,0.14634
667,0.14634
668,0.14634
671,0.14634
677,0.16667
680,0.16667
681,0.16667
684,0.16667
685,0.16667
686,0.16667
690,0.16667
692,0.16667
695,0.16667
697,0.16667
698,0.16667
699,0.16667
700,0.16667
704,0.16279
707,0.15909
713,0.15909
714,0.15909
716,0.15909
717,0.15909
718,0.15909
719,0.15909
720,0.15909
721,0.15909
722,0.15909
723,0.15909
727,0.15909
728,0.15909
729,0.15909
730,0.15909
731,0.15909
734,0.15556
737,0.15556
744,0.15217
746,0.15217
747,0.15217
750,0.15217
751,0.15217
752,0.15217
753,0.15217
754,0.15217
755,0.15217
761,0.15217
762,0.15217
773,0.14583
774,0.14583
779,0.14583
782,0.14583
785,0.14583
786,0.14583
789,0.14286
793,0.14286
794,0.14286
797,0.14
800,0.14
803,0.14
804,0.14
808,0.14
811,0.14
815,0.14
816,0.14
817,0.14
818,0.14
821,0.14
823,0.14
832,0.13462
835,0.13462
838,0.13208
839,0.13208
840,0.13208
842,0.13208
844,0.13208
845,0.13208
846,0.13208
853,0.13208
857,0.12963
858,0.12963
863,0.125
864,0.125
867,0.125
868,0.125
869,0.125
870,0.125
871,0.125
873,0.125
874,0.125
875,0.125
878,0.125
879,0.125
880,0.125
881,0.125
882,0.125
883,0.125
884,0.125
888,0.12281
891,0.12281
892,0.12281
895,0.12281
898,0.12281
905,0.12281
908,0.12069
909,0.12069
910,0.12069
911,0.12069
914,0.11864
915,0.11864
918,0.11864
919,0.11864
920,0.11864
923,0.11667
926,0.11667
930,0.11667
931,0.11667
934,0.11475
935,0.11475
936,0.11475
937,0.1129
940,0.11111
941,0.11111
944,0.11111
945,0.11111
952,0.10938
953,0.10938
954,0.10938
957,0.10938
960,0.10769
963,0.10769
966,0.10769
967,0.10769
971,0.10606
972,0.10606
975,0.10606
976,0.10606
977,0.10606
979,0.10606
980,0.10606
981,0.10606
982,0.10606
983,0.10606
984,0.10606
987,0.10606
994,0.1194
998,0.1194
1003,0.1194
1004,0.1194
1005,0.1194
1006,0.1194
1011,0.1194
1014,0.11765
1017,0.11594
1018,0.11594
1019,0.11594
1022,0.11429
1023,0.11429
1024,0.11429
1026,0.11429
1030,0.11429
1031,0.11429
1032,0.11429
1033,0.11429
1034,0.11429
1035,0.11429
1036,0.11429
1039,0.11429
1040,0.11429
1047,0.11429
1050,0.11429
1053,0.11429
1054,0.11429
1055,0.11429
1056,0.11429
1057,0.11429
1059,0.11429
1060,0.11429
1061,0.11429
1062,0.11429
1064,0.11429
1066,0.11429
1069,0.11429
1070,0.11429
1071,0.11429
1072,0.11429
1075,0.11429
1078,0.11429
1079,0.11429
1082,0.11268
1085,0.11268
1086,0.11268
1091,0.11268
1094,0.11268
1097,0.11268
1098,0.11268
1109,0.11111
1114,0.11111
1117,0.11111
1123,0.11111
1127,0.10959
1128,0.10959
1130,0.10959
1131,0.10959
1132,0.10959
1133,0.10959
1136,0.10811
1137,0.10811
1140,0.10811
1143,0.10811
1146,0.10811
1149,0.10811
1152,0.10667
1154,0.10667
1155,0.10667
1157,0.10667
1158,0.10667
1166,0.10667
1169,0.10667
1170,0.10667
1171,0.10667
1172,0.10667
1173,0.10667
1176,0.10667
1178,0.10667
1182,0.10667
1185,0.11842
1186,0.11842
1188,0.11842
1189,0.11842
1190,0.11842
1194,0.12987
1197,0.12987
1200,0.14103
1203,0.14103
1204,0.14103
1205,0.14103
1211,0.14103
1212,0.14103
1213,0.14103
1214,0.14103
1215,0.14103
1216,0.14103
1219,0.14103
1220,0.14103
1221,0.14103
1222,0.14103
1225,0.14103
1226,0.14103
1227,0.14103
1229,0.14103
1230,0.14103
1233,0.14103
1234,0.14103
1235,0.14103
1241,0.14103
1242,0.14103
1243,0.14103
1246,0.1519
1252,0.1519
1259,0.15
1262,0.16049
1263,0.16049
1266,0.16049
1267,0.16049
1268,0.16049
1269,0.16049
1272,0.16049
1273,0.16049
1276,0.17073
1277,0.17073
1278,0.17073
1281,0.17073
1282,0.17073
1286,0.17073
1287,0.17073
1298,0.16867
1300,0.16867
1301,0.16867
1310,0.16867
1313,0.17857
1314,0.17857
1315,0.17857
1316,0.17857
1317,0.17857
1318,0.17857
1319,0.17857
1322,0.17857
1323,0.17857
1325,0.17857
1328,0.17857
1331,0.17647
1338,0.17442
1342,0.17442
1345,0.17442
1348,0.17442
1349,0.17442
1350,0.17442
1351,0.17442
1352,0.17442
1353,0.17442
1355,0.17442
1356,0.17442
1357,0.17442
1358,0.17442
1361,0.17442
1364,0.17442
1367,0.17241
1368,0.17241
1369,0.17241
1373,0.17241
1375,0.17241
1378,0.17241
1379,0.17241
1382,0.17045
1383,0.17045
1384,0.17045
1388,0.17045
1390,0.17045
1391,0.17045
1394,0.17978
1395,0.17978
1398,0.17978
1399,0.17978
1400,0.17978
1401,0.17978
1402,0.17978
1405,0.18889
1406,0.18889
1407,0.18889
1408,0.18889
1418,0.1978
1419,0.1978
1426,0.20652
1427,0.20652
1430,0.21505
1433,0.21505
1434,0.21505
1438,0.21505
1439,0.21505
1445,0.21505
1446,0.21505
1449,0.2234
1450,0.2234
1456,0.2234
1457,0.2234
1459,0.2234
1460,0.2234
1463,0.2234
1464,0.2234
1465,0.2234
1468,0.22105
1472,0.21875
1473,0.21875
1474,0.21875
1475,0.21875
1479,0.21875
1480,0.21875
1481,0.21875
1484,0.21875
1485,0.21875
1491,0.21875
1492,0.21875
1493,0.21875
1494,0.21875
1500,0.21875
1501,0.21875
1502,0.21875
1503,0.21875
1507,0.21875
1510,0.21875
1511,0.21875
1512,0.21875
1514,0.21875
1518,0.21649
1519,0.21649
1520,0.21649
1522,0.21649
1523,0.21649
1524,0.21649
1527,0.21649
1528,0.21649
1532,0.21649
1536,0.21649
1538,0.21649
1541,0.21429
1542,0.21429
1543,0.21429
1545,0.21429
1549,0.21429
1550,0.21429
1551,0.21429
1555,0.21429
1556,0.21429
1560,0.21212
1561,0.21212
1562,0.21212
1563,0.21212
1564,0.21212
1567,0.21212
1570,0.21212
1575,0.21212
1576,0.21212
1580,0.21212
1581,0.21212
1582,0.21212
1583,0.21212
1584,0.21212
1585,0.21212
1586,0.21212
1587,0.21212
1588,0.21212
1589,0.21212
1593,0.21
1596,0.20792
1597,0.20792
1598,0.20792
1601,0.20792
1602,0.20792
1606,0.20792
1607,0.20792
1614,0.20792
1617,0.21569
1618,0.21569
1619,0.21569
1620,0.21569
1624,0.21569
1625,0.21569
1626,0.21569
1629,0.21569
1632,0.21359
1635,0.21359
1636,0.21359
1637,0.21359
1641,0.21154
1642,0.21154
1643,0.21154
1644,0.21154
1647,0.21154
1650,0.21905
1654,0.22642
1658,0.22642
1659,0.22642
1660,0.22642
1662,0.22642
1666,0.22642
1669,0.2243
1670,0.2243
1671,0.2243
1677,0.2243
1678,0.2243
1679,0.2243
1680,0.2243
1681,0.2243
1687,0.2243
1688,0.2243
1693,0.2243
1696,0.23148
1699,0.23148
1700,0.23148
1703,0.23148
1704,0.23148
1707,0.23148
1710,0.22936
1713,0.22727
1717,0.22727
1718,0.22727
1719,0.22727
1722,0.22523
1723,0.22523
1724,0.22523
1725,0.22523
1726,0.22523
1727,0.22523
1730,0.22321
1733,0.22321
1736,0.22321
1740,0.22321
1741,0.22321
1744,0.22124
1745,0.22124
1747,0.22124
1752,0.22124
1753,0.22124
1754,0.22124
1755,0.22124
1766,0.22124
1769,0.22124
1770,0.22124
1771,0.22124
1772,0.22124
1773,0.22124
1774,0.22124
1777,0.22807
1778,0.22807
1779,0.22807
1785,0.22807
1786,0.22807
1789,0.23478
1792,0.23276
1793,0.23276
1794,0.23276
1795,0.23276
1796,0.23276
1799,0.23932
1803,0.23932
1804,0.23932
1808,0.23729
1809,0.23729
1812,0.23529
1813,0.23529
1820,0.23529
1829,0.23333
1830,0.23333
1833,0.23333
1834,0.23333
1836,0.23333
1837,0.23333
1838,0.23333
1839,0.23333
1842,0.23967
1843,0.23967
1844,0.23967
1845,0.23967
1848,0.23967
1849,0.23967
1852,0.23967
1860,0.2377
1861,0.2377
1862,0.2377
1865,0.2439
1868,0.2439
1869,0.2439
1872,0.2439
1879,0.2439
1880,0.2439
1881,0.2439
1882,0.2439
1885,0.2439
1888,0.25
1889,0.25
1890,0.25
1894,0.25
1900,0.25397
1901,0.25397
1902,0.25397
1903,0.25397
1904,0.25397
1905,0.25397
1909,0.25397
1910,0.25397
1911,0.25397
1912,0.25397
1915,0.25397
1920,0.25397
1926,0.25
1929,0.25
1930,0.25
1931,0.25
1932,0.25
1936,0.25
1937,0.25
1938,0.25
1941,0.24806
1945,0.24806
1948,0.24615
1951,0.24615
1953,0.24615
1954,0.24615
1955,0.24615
1960,0.25191
1962,0.25191
1963,0.25191
1966,0.25191
1970,0.25191
1971,0.25191
1973,0.25
1974,0.25
1975,0.25
1976,0.25
1977,0.25
1979,0.25
1986,0.25
1987,0.25
1988,0.25
1991,0.25
1992,0.25
1994,0.25
1995,0.25
2002,0.25
2005,0.24812
2008,0.24812
2009,0.24812
2010,0.24812
2011,0.24812
2018,0.24812
2019,0.24812
2021,0.24812
2022,0.24812
2025,0.24812
2026,0.24812
2030,0.24627
2033,0.24627
2034,0.24627
2037,0.25185
2042,0.25185
2044,0.25185
2045,0.25185
2047,0.25185
2050,0.25
2051,0.25
2052,0.25
2053,0.25
2054,0.25
2061,0.25547
2062,0.25547
2065,0.25547
2068,0.25547
2070,0.25547
2076,0.25547
2077,0.25547
2078,0.25547
2081,0.25547
2085,0.25547
2088,0.26087
2089,0.26087
2090,0.26087
2094,0.26619
2095,0.26619
2099,0.26619
2108,0.27143
2111,0.27143
2112,0.27143
2113,0.27143
2116,0.27143
2120,0.27143
2121,0.27143
2124,0.27143
2127,0.2695
2131,0.2695
2132,0.2695
2133,0.2695
2134,0.2695
2135,0.2695
2139,0.26761
2140,0.26761
2142,0.26761
2143,0.26761
2146,0.26573
2147,0.26573
2148,0.26573
2155,0.27083
2158,0.26897
2161,0.26712
2162,0.26712
2163,0.26712
2166,0.27211
2167,0.27211
2168,0.27211
2169,0.27211
2170,0.27211
2171,0.27211
2172,0.27211
2173,0.27211
2174,0.27211
2175,0.27211
2176,0.27211
2179,0.27027
2180,0.27027
2181,0.27027
2182,0.27027
2185,0.27027
2190,0.27027
2193,0.27027
2197,0.27027
2198,0.27027
2199,0.27027
2202,0.27027
2205,0.27027
2206,0.27027
2209,0.27027
2211,0.27027
2212,0.27027
2215,0.27027
2216,0.27027
2219,0.27027
2220,0.27027
2221,0.27027
2222,0.27027
2223,0.27027
2230,0.26846
2231,0.26846
2232,0.26846
2235,0.26846
2238,0.26667
2239,0.26667
2240,0.26667
2245,0.26667
2246,0.26667
2247,0.26667
2253,0.26667
2257,0.26667
2260,0.2649
2261,0.2649
2264,0.26974
2267,0.26974
2268,0.26974
2269,0.26974
2270,0.26974
2276,0.26974
2277,0.26974
2278,0.26974
2284,0.26797
2285,0.26797
2297,0.27742
2298,0.27742
2299,0.27742
2300,0.27742
2301,0.27742
2303,0.27742
2306,0.27742
2308,0.27742
2315,0.27564
2321,0.27564
2328,0.27564
2331,0.27564
2334,0.27564
2335,0.27564
2336,0.27564
2337,0.27564
2338,0.27564
2339,0.27564
2342,0.27564
2343,0.27564
2347,0.27564
2348,0.27564
2349,0.27564
2362,0.27389
2363,0.27389
2364,0.27389
2365,0.27389
2369,0.27848
2370,0.27848
2373,0.27848
2374,0.27848
2375,0.27848
2376,0.27848
2379,0.27848
2382,0.27848
2383,0.27848
2384,0.27848
2385,0.27848
2386,0.27848
2387,0.27848
2388,0.27848
2391,0.27848
2394,0.27848
2398,0.27673
2399,0.27673
2402,0.27673
2407,0.275
2409,0.275
2418,0.275
2419,0.275
2420,0.275
2421,0.275
2422,0.275
2423,0.275
2424,0.275
2426,0.275
2428,0.275
2429,0.275
2430,0.275
2431,0.275
2434,0.275
2436,0.275
2440,0.2795
2443,0.2795
2444,0.2795
2445,0.2795
2446,0.2795
2449,0.28395
2452,0.28395
2453,0.28395
2454,0.28395
2456,0.28395
2464,0.28395
2465,0.28395
2468,0.28834
2469,0.28834
2471,0.28834
2472,0.28834
2473,0.28834
2474,0.28834
2477,0.28834
2480,0.28834
2483,0.28834
2484,0.28834
2486,0.28834
2491,0.29268
2494,0.29091
2498,0.29091
2499,0.29091
2517,0.29762
2518,0.29762
2519,0.29762
2520,0.29762
2521,0.29762
2522,0.29762
2523,0.29762
2524,0.29762
2528,0.29586
2529,0.29586
2530,0.29586
2536,0.29586
2538,0.29586
2540,0.29586
2543,0.29586
2544,0.29586
2545,0.29586
2546,0.29586
2547,0.29586
2550,0.3
2551,0.3
2555,0.3
2556,0.3
2557,0.3
2559,0.3
2564,0.3
2565,0.3
2568,0.30409
2569,0.30409
2573,0.30409
2574,0.30409
2575,0.30409
2578,0.30233
2579,0.30233
2581,0.30233
2582,0.30233
2586,0.30233
2587,0.30233
2590,0.30058
2594,0.30058
2598,0.3046
2599,0.3046
2605,0.3046
2606,0.3046
2607,0.3046
2611,0.3046
2612,0.3046
2613,0.3046
2614,0.3046
2615,0.3046
2618,0.3046
2619,0.3046
2621,0.3046
2624,0.30286
2625,0.30286
2626,0.30286
2627,0.30286
2630,0.30286
2631,0.30286
2634,0.30682
2635,0.30682
2636,0.30682
2640,0.30682
2643,0.31073
2644,0.31073
2647,0.31073
2650,0.31461
2651,0.31461
2652,0.31461
2653,0.31461
2656,0.31461
2657,0.31461
2658,0.31461
2659,0.31461
2660,0.31461
2661,0.31461
2667,0.31111
2669,0.31111
2678,0.31492
2681,0.31319
2682,0.31319
2685,0.31319
2687,0.31319
2688,0.31319
2689,0.31319
2690,0.31319
2693,0.31319
2696,0.31319
2697,0.31319
2698,0.31319
2699,0.31319
2700,0.31319
2701,0.31319
2702,0.31319
2703,0.31319
2704,0.31319
2705,0.31319
2706,0.31319
2708,0.31319
2711,0.31148
2714,0.31148
2715,0.31148
2716,0.31148
2717,0.31148
2718,0.31148
2719,0.31148
2720,0.31148
2721,0.31148
2722,0.31148
2727,0.31148
2728,0.31148
2731,0.31148
2734,0.31148
2735,0.31148
2736,0.31148
2737,0.31148
2740,0.31522
2741,0.31522
2742,0.31522
2745,0.31522
2748,0.31522
2751,0.31522
2753,0.31522
2757,0.31522
2760,0.31522
2766,0.31892
2767,0.31892
2768,0.31892
2771,0.31892
2773,0.31892
2775,0.31892
2776,0.31892
2778,0.31892
2782,0.32258
2788,0.32258
2789,0.32258
2792,0.32258
2793,0.32258
2794,0.32258
2795,0.32258
2798,0.32258
2801,0.32258
2802,0.32258
2806,0.32258
2809,0.32258
2810,0.32258
2811,0.32258
2814,0.32258
2815,0.32258
2816,0.32258
2817,0.32258
2820,0.32258
2823,0.3262
2824,0.3262
2826,0.3262
2827,0.3262
2828,0.3262
2831,0.3262
2834,0.3262
2835,0.3262
2838,0.3262
2839,0.3262
2848,0.32275
2851,0.32632
2852,0.32632
2853,0.32632
2854,0.32632
2855,0.32632
2856,0.32632
2857,0.32632
2858,0.32632
2859,0.32632
2860,0.32632
2861,0.32632
2862,0.32632
2863,0.32632
2864,0.32632
2867,0.32984
2871,0.32984
2872,0.32984
2873,0.32984
2880,0.33333
2881,0.33333
2882,0.33333
2885,0.33333
2888,0.33333
2891,0.33679
2894,0.33679
2895,0.33679
2896,0.33679
2899,0.33505
2902,0.33333
2903,0.33333
2904,0.33333
2905,0.33333
2906,0.33333
2907,0.33333
2908,0.33333
2909,0.33333
2912,0.33333
2913,0.33333
2914,0.33333
2915,0.33333
2918,0.33333
2919,0.33333
2921,0.33333
2922,0.33333
2924,0.33333
2925,0.33333
2926,0.33333
2927,0.33333
2928,0.33333
2929,0.33333
2930,0.33333
2933,0.33333
2936,0.33333
2937,0.33333
2938,0.33333
2941,0.33163
2942,0.33163
2945,0.33163
2947,0.33163
2950,0.33503
2953,0.33503
2956,0.33333
2957,0.33333
2958,0.33333
2962,0.33333
2963,0.33333
2967,0.33333
2970,0.33668
2972,0.33668
2973,0.33668
2974,0.33668
2975,0.33668
2977,0.33668
2978,0.33668
2979,0.33668
2980,0.33668
2983,0.33668
2985,0.33668
2989,0.335
2990,0.335
2991,0.335
2992,0.335
2996,0.335
2997,0.335
2998,0.335
2999,0.335
3000,0.335
3001,0.335
3003,0.335
3010,0.335
3011,0.335
3012,0.335
3016,0.335
3021,0.33831
3022,0.33831
3023,0.33831
3029,0.33831
3030,0.33831
3031,0.33831
3032,0.33831
3033,0.33831
3036,0.34158
3037,0.34158
3038,0.34158
3041,0.34483
3042,0.34483
3043,0.34483
3046,0.34804
3047,0.34804
3050,0.35122
3053,0.35122
3059,0.35437
3060,0.35437
3061,0.35437
3064,0.35749
3066,0.35749
3067,0.35749
3070,0.35749
3073,0.35749
3074,0.35749
3075,0.35749
3076,0.35749
3077,0.35749
3078,0.35749
3081,0.35749
3082,0.35749
3083,0.35749
3085,0.35749
3088,0.35749
3089,0.35749
3094,0.35749
3095,0.35749
3096,0.35749
3099,0.35749
3100,0.35749
3101,0.35749
3103,0.35749
3107,0.35749
3108,0.35749
3111,0.35749
3114,0.35749
3121,0.35749
3122,0.35749
3125,0.35749
3129,0.36058
3132,0.36058
3138,0.36364
3140,0.36364
3141,0.36364
3142,0.36364
3146,0.36364
3147,0.36364
3149,0.36364
3150,0.36364
3153,0.36667
3155,0.36667
3156,0.36667
3158,0.36667
3159,0.36667
3160,0.36667
3161,0.36667
3162,0.36667
3163,0.36667
3164,0.36667
3166,0.36667
3167,0.36667
3168,0.36667
3169,0.36667
3171,0.36667
3172,0.36667
3176,0.36667
3179,0.36967
3180,0.36967
3184,0.36967
3185,0.36967
3188,0.36967
3189,0.36967
3192,0.36967
3194,0.36967
3203,0.37559
3205,0.37559
3210,0.3785
3211,0.3785
3212,0.3785
3215,0.37674
3216,0.37674
3217,0.37674
3218,0.37674
3219,0.37674
3220,0.37674
3223,0.37963
3224,0.37963
3227,0.37963
3230,0.37963
3231,0.37963
3232,0.37963
3233,0.37963
3234,0.37963
3235,0.37963
3236,0.37963
3239,0.37963
3243,0.38249
3244,0.38249
3247,0.38249
3248,0.38249
3251,0.38249
3254,0.38249
3255,0.38249
3259,0.38249
3260,0.38249
3261,0.38249
3262,0.38249
3263,0.38249
3266,0.38532
3267,0.38532
3271,0.38813
3272,0.38813
3275,0.39091
3276,0.39091
3280,0.39367
3281,0.39367
3284,0.39367
3285,0.39367
3289,0.39367
3292,0.39367
3296,0.39367
3297,0.39367
3300,0.39367
3304,0.39367
3305,0.39367
3308,0.39367
3309,0.39367
3310,0.39367
3314,0.39367
3315,0.39367
3316,0.39367
3317,0.39367
3318,0.39367
3319,0.39367
3320,0.39367
3323,0.3964
3324,0.3964
3325,0.3964
3326,0.3964
3327,0.3964
3337,0.3991
3338,0.3991
3339,0.3991
3342,0.3991
3343,0.3991
3347,0.3991
3348,0.3991
3349,0.3991
3354,0.40179
3355,0.40179
3356,0.40179
3357,0.40179
3358,0.40179
3360,0.40179
3361,0.40179
3362,0.40179
3363,0.40179
3364,0.40179
3365,0.40179
3368,0.40179
3369,0.40179
3370,0.40179
3371,0.40179
3375,0.40444
3376,0.40444
3377,0.40444
3380,0.40444
3381,0.40444
3382,0.40444
3385,0.40444
3388,0.40265
3389,0.40265
3390,0.40265
3393,0.40088
3394,0.40088
3398,0.40088
3399,0.40088
3403,0.40088
3404,0.40088
3405,0.40088
3408,0.40088
3409,0.40088
3412,0.40088
3415,0.40088
3416,0.40088
3417,0.40088
3418,0.39912
3419,0.39912
3422,0.40175
3423,0.40175
3424,0.40175
3425,0.40175
3426,0.40175
3429,0.40175
3430,0.40175
3436,0.40435
3438,0.40435
3441,0.40693
3442,0.40693
3443,0.40693
3444,0.40693
3447,0.40693
3448,0.40693
3450,0.40693
3451,0.40693
3455,0.40693
3456,0.40693
3457,0.40693
3460,0.40693
3461,0.40693
3464,0.40693
3467,0.40693
3468,0.40693
3470,0.40693
3471,0.40693
3472,0.40693
3474,0.40693
3475,0.40693
3477,0.40693
3481,0.40693
3486,0.40693
3487,0.40693
3488,0.40693
3489,0.40693
3492,0.40693
3493,0.40693
3494,0.40693
3497,0.40693
3502,0.40693
3504,0.40693
3505,0.40693
3506,0.40693
3507,0.40693
3511,0.40948
3514,0.40948
3518,0.40948
3524,0.41202
3530,0.41702
3533,0.41702
3536,0.41702
3537,0.41702
3540,0.41949
3541,0.41949
3542,0.41949
3546,0.41949
3550,0.41949
3551,0.41949
3552,0.41949
3553,0.41949
3554,0.41949
3557,0.41949
3560,0.41949
3561,0.41949
3562,0.41949
3563,0.41949
3564,0.41772
3565,0.41772
3566,0.41772
3567,0.41772
3568,0.41772
3570,0.41772
3572,0.41772
3575,0.41597
3584,0.41841
3585,0.41841
3586,0.41841
3587,0.41841
3588,0.41841
3589,0.41841
3591,0.41841
3593,0.41841
3594,0.41841
3596,0.41841
3601,0.41841
3608,0.41841
3609,0.41841
3610,0.41841
3611,0.41841
3612,0.41841
3614,0.41841
3615,0.41841
3616,0.41841
3620,0.42083
3626,0.42083
3629,0.42083
3630,0.42083
3634,0.42083
3638,0.42324
3639,0.42324
3642,0.42324
3645,0.42324
3649,0.42149
3655,0.42149
3656,0.42149
3657,0.42149
3658,0.42149
3661,0.42149
3662,0.42149
3664,0.42149
3667,0.42149
3670,0.42149
3673,0.42149
3676,0.42149
3679,0.42387
3680,0.42387
3681,0.42387
3684,0.42387
3685,0.42387
3688,0.42213
3691,0.42213
3692,0.42213
3693,0.42213
3700,0.42449
3701,0.42449
3702,0.42449
3703,0.42449
3706,0.42449
3709,0.42449
3710,0.42449
3713,0.42449
3716,0.42449
3717,0.42449
3719,0.42449
3720,0.42449
3721,0.42449
3724,0.42449
3726,0.42449
3729,0.42683
3731,0.42683
3736,0.42915
3737,0.42915
3739,0.42915
3742,0.42915
3745,0.42915
3748,0.42742
3751,0.42742
3752,0.42742
3754,0.42742
3755,0.42742
3758,0.42742
3759,0.42742
3762,0.42972
3766,0.42972
3767,0.42972
3773,0.42972
3778,0.42972
3782,0.42972
3785,0.432
3786,0.432
3789,0.432
3792,0.432
3795,0.432
3796,0.432
3799,0.432
3800,0.432
3802,0.432
3803,0.432
3806,0.432
3809,0.432
3810,0.432
3812,0.432
3815,0.432
3816,0.432
3817,0.432
3818,0.432
3822,0.43028
3826,0.43254
3827,0.43254
3828,0.43254
3829,0.43254
3831,0.43254
3834,0.43254
3837,0.43083
3838,0.43083
3839,0.43083
3850,0.43137
3853,0.43359
3856,0.43359
3868,0.4358
3872,0.4358
3874,0.4358
3877,0.4358
3878,0.4358
3879,0.4358
3882,0.4358
3883,0.4358
3884,0.4358
3885,0.4358
3886,0.4358
3889,0.4358
3892,0.43798
3898,0.43798
3902,0.43798
3903,0.43798
3904,0.43798
3905,0.43798
3906,0.43798
3907,0.43798
3910,0.43798
3914,0.43798
3915,0.43798
3917,0.43798
3918,0.43798
3919,0.43798
3922,0.43629
3923,0.43629
3936,0.43678
3937,0.43678
3938,0.43678
3941,0.43678
3942,0.43678
3946,0.43893
3950,0.43893
3954,0.43893
3957,0.44106
3958,0.44106
3959,0.44106
3962,0.44318
3965,0.44318
3966,0.44318
3967,0.44318
3969,0.44318
3972,0.44318
3973,0.44318
3974,0.44318
3975,0.44318
3976,0.44318
3977,0.44318
3978,0.44318
3981,0.44318
3985,0.44318
3986,0.44318
3988,0.44318
3989,0.44318
3991,0.44318
3992,0.44318
3994,0.44318
3995,0.44318
3998,0.44318
3999,0.44318
4000,0.44318
4002,0.44318
4004,0.44318
4005,0.44318
4008,0.44318
4009,0.44318
4010,0.44318
4011,0.44318
4014,0.44318
4015,0.44318
4016,0.44318
4022,0.44318
4024,0.44318
4025,0.44318
4026,0.44318
4029,0.44528
4033,0.44361
4036,0.44361
4037,0.44361
4038,0.44361
4042,0.44361
4043,0.44361
4044,0.44361
4045,0.44361
4046,0.44361
4049,0.44361
4050,0.44361
4051,0.44361
4054,0.44361
4058,0.44361
4059,0.44361
4061,0.44361
4062,0.44361
4063,0.44361
4064,0.44361
4067,0.44361
4068,0.44361
4069,0.44361
4070,0.44361
4071,0.44361
4072,0.44361
4078,0.44361
4083,0.44569
4087,0.44776
4097,0.44981
4098,0.44981
4099,0.44981
4100,0.44981
4101,0.44981
4109,0.44981
4110,0.44981
4113,0.44981
4117,0.45185
4119,0.45185
4125,0.45387
4126,0.45387
4129,0.45588
4132,0.45588
4135,0.45588
4138,0.45588
4142,0.45588
4143,0.45588
4144,0.45588
4147,0.45788
4149,0.45788
4155,0.45788
4159,0.45985
4160,0.45985
4164,0.45985
4167,0.46182
4169,0.46182
4170,0.46182
4171,0.46182
4172,0.46182
4174,0.46182
4182,0.46182
4185,0.46377
4186,0.46377
4188,0.46377
4190,0.46377
4191,0.46377
4192,0.46377
4193,0.46377
4194,0.46377
4197,0.4657
4198,0.4657
4201,0.4657
4202,0.4657
4203,0.4657
4204,0.4657
4207,0.4657
4208,0.4657
4209,0.4657
4213,0.4657
4214,0.4657
4215,0.4657
4218,0.4657
4220,0.4657
4221,0.4657
4222,0.4657
4223,0.4657
4227,0.46763
4228,0.46763
4229,0.46763
4230,0.46763
4231,0.46763
4232,0.46763
4236,0.46953
4240,0.46953
4241,0.46953
4244,0.46953
4247,0.47143
4248,0.47143
4249,0.47143
4250,0.47143
4253,0.47331
4254,0.47331
4255,0.47331
4258,0.47331
4259,0.47331
4262,0.47518
4263,0.47518
4266,0.47518
4267,0.47518
4270,0.47703
4273,0.47887
4274,0.47887
4275,0.47887
4276,0.47887
4277,0.47887
4278,0.47887
4279,0.47887
4280,0.47887
4283,0.4807
4286,0.4807
4287,0.4807
4288,0.4807
4289,0.4807
4290,0.4807
4291,0.4807
4294,0.4807
4295,0.4807
4303,0.48432
4306,0.48611
4307,0.48611
4308,0.48611
4310,0.48611
4311,0.48611
4320,0.48611
4321,0.48611
4327,0.48611
4328,0.48611
4329,0.48611
4330,0.48611
4332,0.48611
4333,0.48611
4334,0.48611
4337,0.48611
4338,0.48611
4341,0.48789
4347,0.48966
4348,0.48966
4349,0.48966
4353,0.48966
4354,0.48966
4356,0.48966
4357,0.48966
4358,0.48966
4361,0.48966
4365,0.48966
4366,0.48966
4367,0.48966
4369,0.48966
4370,0.48966
4371,0.48966
4374,0.48966
4375,0.48966
4376,0.48966
4379,0.48966
4380,0.48966
4381,0.48966
4382,0.48966
4383,0.48966
4384,0.48966
4385,0.48966
4391,0.48966
4396,0.48966
4398,0.48966
4402,0.49141
4405,0.49141
4406,0.49141
4409,0.49141
4413,0.49141
4414,0.49141
4419,0.49141
4420,0.49141
4421,0.49141
4422,0.49141
4423,0.49141
4426,0.49315
4430,0.49488
4431,0.49488
4432,0.49488
4433,0.49488
4434,0.49488
4435,0.49488
4442,0.49488
4446,0.49488
4447,0.49488
4448,0.49488
4452,0.49488
4455,0.49488
4458,0.49488
4460,0.49488
4463,0.49488
4466,0.4966
4467,0.4966
4468,0.4966
4473,0.49831
4476,0.49831
4477,0.49831
4478,0.49831
4482,0.5
4485,0.5
4489,0.5
4490,0.5
4491,0.5
4494,0.5
4497,0.5
4500,0.50168
4501,0.50168
4506,0.50168
4509,0.50168
4510,0.50168
4511,0.50168
4514,0.50168
4516,0.50168
4517,0.50168
4520,0.50168
4523,0.50168
4524,0.50168
4526,0.50168
4528,0.50168
4531,0.50336
4532,0.50336
4533,0.50336
4534,0.50336
4536,0.50336
4537,0.50336
4538,0.50336
4539,0.50336
4543,0.50502
4544,0.50502
4547,0.50667
4548,0.50667
4550,0.50667
4552,0.50667
4562,0.50667
4564,0.50667
4565,0.50667
4568,0.50667
4569,0.50667
4570,0.50667
4571,0.50667
4572,0.50667
4575,0.50667
4576,0.50667
4577,0.50667
4583,0.50831
4584,0.50831
4587,0.50831
4588,0.50831
4591,0.50831
4592,0.50831
4593,0.50831
4597,0.50831
4598,0.50831
4599,0.50831
4600,0.50831
4603,0.50831
4604,0.50831
4606,0.50831
4607,0.50831
4611,0.50993
4614,0.50993
4617,0.51155
4620,0.51155
4621,0.51155
4624,0.51155
4625,0.51155
4628,0.51316
4629,0.51316
4632,0.51316
4633,0.51316
4636,0.51475
4637,0.51475
4638,0.51475
4640,0.51475
4643,0.51634
4645,0.51634
4646,0.51634
4647,0.51634
4648,0.51634
4649,0.51634
4650,0.51634
4654,0.51792
4656,0.51792
4659,0.51792
4662,0.51948
4663,0.51948
4664,0.51948
4665,0.51948
4668,0.51948
4674,0.52104
4681,0.52258
4684,0.52258
4685,0.52258
4687,0.52258
4688,0.52258
4690,0.52258
4691,0.52258
4694,0.52258
4695,0.52258
4698,0.52258
4701,0.52412
4705,0.52412
4706,0.52412
4710,0.52564
4713,0.52564
4714,0.52564
4715,0.52564
4718,0.52716
4720,0.52716
4721,0.52716
4726,0.52716
4728,0.52716
4730,0.52716
4731,0.52716
4734,0.52866
4737,0.53016
4738,0.53016
4741,0.53165
4744,0.53165
4746,0.53165
4747,0.53165
4750,0.53312
4752,0.53312
4753,0.53312
4756,0.53312
4760,0.53459
4761,0.53459
4762,0.53459
4763,0.53459
4764,0.53459
4765,0.53459
4771,0.53459
4772,0.53459
4773,0.53459
4774,0.53459
4775,0.53459
4778,0.53459
4781,0.53459
4784,0.53459
4785,0.53459
4788,0.53605
4790,0.53605
4791,0.53605
4794,0.53605
4799,0.53605
4802,0.5375
4803,0.5375
4806,0.5375
4807,0.5375
4811,0.5375
4812,0.5375
4813,0.5375
4814,0.5375
4815,0.5375
4818,0.53894
4821,0.53894
4822,0.53894
4823,0.53894
4824,0.53894
4825,0.53894
4829,0.54037
4830,0.54037
4831,0.54037
4832,0.54037
4833,0.54037
4834,0.54037
4837,0.5418
4839,0.5418
4840,0.5418
4841,0.5418
4844,0.5418
4845,0.5418
4846,0.5418
4847,0.5418
4848,0.5418
4849,0.5418
4850,0.5418
4854,0.54321
4855,0.54321
4856,0.54321
4857,0.54321
4860,0.54321
4861,0.54321
4862,0.54321
4864,0.54321
4867,0.54321
4868,0.54321
4870,0.54321
4871,0.54321
4872,0.54321
4878,0.54321
4880,0.54321
4881,0.54321
4882,0.54321
4886,0.54462
4887,0.54462
4890,0.54462
4891,0.54462
4892,0.54462
4896,0.54462
4902,0.54601
4905,0.5474
4907,0.5474
4908,0.5474
4909,0.5474
4910,0.5474
4911,0.5474
4914,0.5474
4915,0.5474
4918,0.5474
4924,0.5474
4928,0.54878
4929,0.54878
4934,0.54878
4935,0.54878
4936,0.54878
4937,0.54878
4938,0.54878
4939,0.54878
4940,0.54878
4943,0.54878
4944,0.54878
4945,0.54878
4946,0.54878
4947,0.54878
4951,0.54878
4952,0.54878
4955,0.55015
4958,0.55015
4962,0.55152
4963,0.55152
4966,0.55287
4967,0.55287
4970,0.55422
4971,0.55422
4973,0.55422
4975,0.55422
4976,0.55422
4977,0.55422
4978,0.55422
4979,0.55422
4982,0.55556
4983,0.55556
4986,0.55556
4987,0.55556
4990,0.55556
4991,0.55556
4994,0.55556
4997,0.55556
4998,0.55556
5000,0.55556
5003,0.55556
5004,0.55556
5005,0.55556
5007,0.55556
5008,0.55556
5010,0.55556
5011,0.55556
5014,0.55689
5015,0.55689
5016,0.55689
5022,0.55689
5024,0.55689
5025,0.55689
5026,0.55689
5029,0.55821
5032,0.55952
5033,0.55952
5034,0.55952
5035,0.55952
5039,0.56083
5042,0.56083
5044,0.56083
5045,0.56083
5046,0.56083
5050,0.56083
5051,0.56083
5053,0.56083
5059,0.56213
5063,0.56213
5064,0.56213
5070,0.56342
5071,0.56342
5072,0.56342
5078,0.56342
5079,0.56342
5080,0.56342
5083,0.56471
5084,0.56471
5087,0.56471
5088,0.56471
5089,0.56471
5090,0.56471
5094,0.56598
5095,0.56598
5096,0.56598
5097,0.56598
5100,0.56598
5101,0.56598
5102,0.56598
5103,0.56598
5104,0.56598
5108,0.56598
5111,0.56598
5112,0.56598
5113,0.56598
5116,0.56598
5118,0.56598
5121,0.56598
5122,0.56598
5123,0.56598
5124,0.56598
5125,0.56598
5126,0.56598
5130,0.56598
5133,0.56725
5134,0.56725
5135,0.56725
5136,0.56725
5137,0.56725
5140,0.56725
5141,0.56725
5144,0.56851
5147,0.56851
5150,0.56851
5152,0.56851
5155,0.56977
5159,0.56977
5160,0.56977
5163,0.56977
5166,0.57101
5169,0.57101
5170,0.57101
5171,0.57101
5172,0.57101
5173,0.57101
5175,0.57101
5176,0.57101
5179,0.57101
5181,0.57101
5182,0.57101
5183,0.57101
5186,0.57101
5189,0.57225
5192,0.57225
5193,0.57225
5196,0.57349
5199,0.57349
5202,0.57471
5203,0.57471
5204,0.57471
5207,0.57471
5208,0.57471
5209,0.57471
5210,0.57471
5211,0.57471
5214,0.57471
5215,0.57471
5218,0.57471
5227,0.57471
5230,0.57593
5234,0.57593
5238,0.57714
5239,0.57714
5240,0.57714
5243,0.57714
5247,0.5755
5248,0.5755
5251,0.5755
5254,0.5767
5257,0.5779
5258,0.5779
5260,0.5779
5261,0.5779
5262,0.5779
5264,0.5779
5265,0.5779
5267,0.5779
5269,0.5779
5270,0.5779
5274,0.5791
5277,0.5791
5280,0.5791
5282,0.5791
5283,0.5791
5287,0.58028
5290,0.58146
5291,0.58146
5292,0.58146
5298,0.58146
5299,0.58146
5300,0.58146
5301,0.58146
5306,0.58263
5315,0.58496
5318,0.58496
5321,0.58496
5322,0.58496
5323,0.58496
5329,0.58496
5330,0.58496
5331,0.58496
5332,0.58496
5335,0.58496
5336,0.58496
5337,0.58496
5338,0.58496
5345,0.58496
5346,0.58496
5347,0.58496
5349,0.58496
5350,0.58496
5351,0.58496
5354,0.58496
5357,0.58496
5360,0.58611
5361,0.58611
5362,0.58611
5366,0.58726
5367,0.58726
5368,0.58726
5371,0.58726
5374,0.58726
5377,0.5884
5378,0.5884
5381,0.58953
5384,0.58953
5387,0.58953
5393,0.58953
5394,0.58953
5397,0.58953
5400,0.58953
5401,0.58953
5402,0.58953
5409,0.59178
5411,0.59178
5412,0.59178
5413,0.59178
5414,0.59178
5417,0.59178
5419,0.59178
5423,0.59178
5424,0.59016
5425,0.59016
5426,0.59016
5427,0.59016
5428,0.59016
5429,0.59016
5430,0.59016
5433,0.59016
5439,0.59016
5442,0.59016
5443,0.59016
5444,0.59016
5445,0.59016
5448,0.59128
5451,0.59128
5452,0.59128
5455,0.59128
5462,0.5935
5463,0.5935
5465,0.5935
5468,0.5935
5472,0.5935
5473,0.5935
5474,0.5935
5475,0.5935
5476,0.5935
5477,0.5935
5480,0.5935
5481,0.5935
5482,0.5935
5483,0.5935
5484,0.5935
5485,0.5935
5487,0.5935
5490,0.59459
5493,0.59459
5494,0.59459
5495,0.59459
5496,0.59459
5502,0.59459
5506,0.59459
5507,0.59459
5510,0.59459
5517,0.59459
5520,0.59459
5521,0.59459
5522,0.59459
5523,0.59459
5526,0.59459
5527,0.59459
5530,0.59459
5533,0.59459
5534,0.59459
5537,0.59459
5538,0.59459
5539,0.59459
5540,0.59459
5541,0.59459
5542,0.59459
5543,0.59459
5544,0.59459
5545,0.59459
5546,0.59459
5547,0.59459
5551,0.59459
5552,0.59459
5553,0.59459
5554,0.59459
5557,0.59569
5558,0.59569
5559,0.59569
5560,0.59569
5570,0.59409
5571,0.59409
5572,0.59409
5573,0.59409
5574,0.59409
5575,0.59409
5576,0.59409
5577,0.59409
5579,0.59409
5580,0.59409
5581,0.59409
5582,0.59409
5585,0.59409
5586,0.59409
5590,0.59409
5594,0.59517
5598,0.59626
5608,0.59626
5611,0.59626
5615,0.59626
5618,0.59626
5622,0.59626
5623,0.59626
5624,0.59626
5627,0.59733
5633,0.5984
5634,0.5984
5637,0.5984
5640,0.59947
5643,0.60053
5644,0.60053
5648,0.60053
5654,0.60053
5655,0.60053
5658,0.60158
5663,0.60158
5667,0.60158
5671,0.60263
5674,0.60263
5675,0.60263
5677,0.60263
5678,0.60263
5681,0.60263
5687,0.60263
5690,0.60367
5692,0.60367
5693,0.60367
5694,0.60367
5697,0.60471
5698,0.60471
5702,0.60471
5705,0.60471
5708,0.60574
5709,0.60574
5710,0.60574
5711,0.60574
5717,0.60574
5719,0.60574
5720,0.60574
5722,0.60574
5726,0.60574
5727,0.60574
5728,0.60574
5731,0.60574
5732,0.60574
5733,0.60574
5736,0.60574
5737,0.60574
5738,0.60574
5739,0.60574
5744,0.60574
5747,0.60574
5751,0.60574
5752,0.60574
5753,0.60574
5754,0.60574
5757,0.60574
5758,0.60574
5761,0.60574
5765,0.60574
5766,0.60574
5767,0.60574
5770,0.60574
5773,0.60574
5774,0.60574
5775,0.60574
5777,0.60574
5781,0.60574
5782,0.60574
5785,0.60574
5788,0.60677
5792,0.60677
5793,0.60677
5794,0.60677
5800,0.60677
5801,0.60677
5802,0.60677
5803,0.60677
5808,0.60677
5809,0.60677
5810,0.60677
5811,0.60677
5812,0.60677
5816,0.60677
5819,0.60677
5820,0.60677
5821,0.60677
5822,0.60677
5827,0.60677
5828,0.60677
5831,0.60519
5832,0.60519
5835,0.60519
5838,0.60519
5839,0.60519
5841,0.60519
5844,0.60622
5845,0.60622
5848,0.60622
5852,0.60724
5855,0.60724
5856,0.60724
5857,0.60724
5858,0.60724
5859,0.60724
5860,0.60724
5861,0.60724
5862,0.60724
5863,0.60724
5864,0.60724
5865,0.60724
5868,0.60724
5869,0.60724
5870,0.60724
5874,0.60724
5878,0.60724
5879,0.60724
5880,0.60724
5881,0.60724
5882,0.60724
5886,0.60724
5889,0.60724
5890,0.60724
5891,0.60724
5893,0.60724
5897,0.60825
5898,0.60825
5901,0.60825
5902,0.60825
5905,0.60825
5911,0.61026
5912,0.61026
5913,0.61026
5914,0.61026
5916,0.61026
5917,0.61026
5918,0.61026
5919,0.61026
5920,0.61026
5921,0.61026
5922,0.61026
5923,0.61026
5924,0.61026
5925,0.61026
5926,0.61026
5927,0.61026
5928,0.61026
5931,0.61026
5932,0.61026
5935,0.61026
5936,0.61026
5937,0.61026
5940,0.61026
5941,0.61026
5942,0.61026
5946,0.61026
5947,0.61026
5949,0.61026
5950,0.61026
5951,0.61026
5954,0.61026
5955,0.61026
5956,0.61026
5957,0.61026
5958,0.61026
5959,0.61026
5960,0.61026
5964,0.61125
5965,0.61125
5968,0.61125
5969,0.61125
5970,0.61125
5971,0.61125
5972,0.61125
5973,0.61125
5977,0.61125
5981,0.61125
5982,0.61125
5986,0.61125
5987,0.61125
5988,0.61125
5990,0.61125
5994,0.61125
5995,0.61125
5997,0.61125
6000,0.61224
6001,0.61224
6003,0.61224
6006,0.61224
6009,0.61224
6012,0.61224
6013,0.61224
6016,0.61323
6023,0.61323
6026,0.61421
6027,0.61421
6030,0.61519
6034,0.61519
6035,0.61519
6036,0.61519
6039,0.61519
6040,0.61519
6041,0.61519
6042,0.61519
6043,0.61519
6044,0.61519
6045,0.61519
6046,0.61519
6049,0.61616
6052,0.61616
6053,0.61616
6056,0.61616
6057,0.61616
6058,0.61616
6059,0.61616
6060,0.61616
6064,0.61616
6068,0.61616
6070,0.61616
6071,0.61616
6074,0.61713
6077,0.61713
6079,0.61713
6082,0.61713
6083,0.61713
6084,0.61713
6085,0.61713
6086,0.61713
6089,0.61713
6090,0.61713
6091,0.61713
6092,0.61713
6093,0.61713
6094,0.61713
6095,0.61713
6099,0.61713
6102,0.61713
6103,0.61713
6104,0.61713
6107,0.61713
6109,0.61713
6112,0.61809
6113,0.61809
6114,0.61809
6115,0.61809
6116,0.61809
6119,0.61809
6122,0.61809
6126,0.61809
6127,0.61809
6128,0.61809
6129,0.61809
6132,0.61905
6134,0.61905
6137,0.61905
6140,0.62
6143,0.62095
6145,0.62095
6146,0.62095
6147,0.62095
6150,0.62095
6152,0.62095
6155,0.62189
6156,0.62189
6157,0.62189
6158,0.62189
6159,0.62189
6160,0.62189
6163,0.62283
6164,0.62283
6165,0.62283
6166,0.62283
6167,0.62283
6168,0.62283
6174,0.62376
6175,0.62376
6179,0.62376
6180,0.62376
6181,0.62376
6185,0.62469
6186,0.62469
6192,0.62469
6195,0.62469
6196,0.62469
6200,0.62469
6203,0.62469
6204,0.62469
6208,0.62562
6211,0.62562
6212,0.62562
6215,0.62562
6216,0.62562
6218,0.62562
6219,0.62562
6222,0.62654
6223,0.62654
6226,0.62654
6227,0.62654
6228,0.62654
6231,0.62745
6232,0.62745
6233,0.62745
6234,0.62745
6237,0.62836
6238,0.62836
6239,0.62836
6240,0.62836
6242,0.62836
6245,0.62836
6246,0.62836
6247,0.62836
6248,0.62836
6249,0.62836
6250,0.62836
6251,0.62836
6252,0.62836
6255,0.62927
6259,0.62927
6262,0.63017
6263,0.63017
6264,0.63017
6267,0.63017
6268,0.63017
6269,0.63017
6270,0.63017
6271,0.63017
6274,0.63017
6275,0.63017
6276,0.63017
6277,0.63017
6278,0.63017
6279,0.63017
6280,0.63017
6282,0.63017
6285,0.63017
6286,0.63017
6287,0.63017
6290,0.63107
6291,0.63107
6292,0.63107
6293,0.63107
6295,0.63107
6296,0.63107
6299,0.63196
6300,0.63196
6301,0.63196
6305,0.63196
6308,0.63285
6311,0.63285
6314,0.63285
6319,0.63285
6320,0.63285
6321,0.63285
6322,0.63285
6323,0.63285
6324,0.63285
6325,0.63285
6326,0.63285
6327,0.63285
6328,0.63285
6332,0.63373
6333,0.63373
6336,0.63462
6339,0.63462
6342,0.63462
6345,0.63462
6348,0.63462
6349,0.63462
6351,0.63462
6352,0.63462
6353,0.63462
6357,0.63549
6360,0.63636
6361,0.63636
6362,0.63636
6363,0.63636
6366,0.63723
6367,0.63723
6368,0.63723
6371,0.63723
6374,0.63723
6378,0.6381
6381,0.63895
6382,0.63895
6383,0.63895
6384,0.63895
6387,0.63895
6388,0.63895
6389,0.63895
6391,0.63895
6392,0.63895
6393,0.63895
6396,0.63895
6397,0.63895
6400,0.63981
6401,0.63981
6402,0.63981
6403,0.63981
6404,0.63981
6407,0.63981
6408,0.63981
6409,0.63981
6410,0.63981
6411,0.63981
6412,0.63981
6415,0.63981
6416,0.63981
6421,0.64066
6423,0.64066
6424,0.64066
6425,0.64066
6426,0.64066
6429,0.64151
6430,0.64151
6433,0.64151
6434,0.64151
6435,0.64151
6436,0.64151
6437,0.64151
6438,0.64151
6441,0.64235
6444,0.64235
6447,0.64235
6448,0.64235
6449,0.64235
6450,0.64235
6451,0.64235
6452,0.64235
6454,0.64235
6457,0.64319
6458,0.64319
6459,0.64319
6462,0.64319
6463,0.64319
6464,0.64319
6467,0.64319
6469,0.64319
6473,0.64319
6475,0.64319
6478,0.64319
6479,0.64319
6483,0.64403
6486,0.64486
6487,0.64486
6491,0.64486
6493,0.64486
6495,0.64486
6496,0.64486
6497,0.64486
6498,0.64486
6501,0.64486
6504,0.64486
6505,0.64486
6509,0.64486
6510,0.64486
6513,0.64569
6514,0.64569
6515,0.64569
6516,0.64569
6517,0.64569
6518,0.64569
6519,0.64569
6520,0.64569
6521,0.64569
6524,0.64569
6525,0.64569
6528,0.64569
6531,0.64651
6532,0.64651
6533,0.64651
6539,0.64651
6540,0.64651
6541,0.64651
6542,0.64651
6543,0.64651
6544,0.64651
6547,0.64733
6548,0.64733
6549,0.64733
6550,0.64733
6553,0.64815
6556,0.64815
6559,0.64815
6560,0.64815
6563,0.64815
6564,0.64815
6567,0.64896
6570,0.64896
6574,0.64896
6577,0.64977
6580,0.64977
6583,0.64977
6586,0.64977
6587,0.64977
6590,0.64977
6593,0.64977
6596,0.65057
6597,0.65057
6599,0.65057
6600,0.65057
6603,0.65057
6606,0.65138
6609,0.65217
6610,0.65217
6612,0.65217
6615,0.65297
6616,0.65297
6619,0.65297
6622,0.65297
6625,0.65376
6628,0.65376
6629,0.65376
6630,0.65376
6631,0.65376
6632,0.65376
6633,0.65376
6634,0.65376
6635,0.65376
6636,0.65376
6644,0.65455
6645,0.65455
6646,0.65455
6647,0.65455
6648,0.65455
6649,0.65455
6652,0.65455
6659,0.65533
6660,0.65533
6661,0.65533
6662,0.65533
6664,0.65533
6666,0.65533
6669,0.65533
6670,0.65533
6671,0.65533
6673,0.65385
6675,0.65237
6678,0.65237
6679,0.65237
6680,0.65237
6681,0.65237
6682,0.65237
6686,0.65237
6687,0.65237
6696,0.65393
6698,0.65393
6699,0.65393
6700,0.65393
6701,0.65393
6704,0.65471
6705,0.65471
6708,0.65548
6709,0.65548
6710,0.65548
6711,0.65548
6714,0.65548
6720,0.65479
6723,0.65479
6724,0.65479
6727,0.65556
6728,0.65556
6729,0.65556
6730,0.65556
6731,0.65556
6732,0.65556
6735,0.65556
6736,0.65556
6737,0.65556
6738,0.65556
6739,0.65556
6740,0.65556
6743,0.65632
6744,0.65632
6747,0.65708
6750,0.65708
6753,0.65708
6756,0.65784
6757,0.65784
6758,0.65784
6759,0.65784
6760,0.65784
6761,0.65784
6762,0.65784
6765,0.65784
6766,0.65784
6769,0.65784
6770,0.65784
6771,0.65784
6772,0.65784
6773,0.65784
6774,0.65784
6775,0.65784
6776,0.65784
6777,0.65784
6780,0.65784
6781,0.65784
6782,0.65784
6786,0.65859
6790,0.65859
6791,0.65859
6792,0.65859
6795,0.65934
6799,0.66009
6802,0.66009
6805,0.66009
6806,0.66009
6807,0.66009
6811,0.66009
6812,0.66009
6816,0.66083
6819,0.66083
6820,0.66083
6821,0.66083
6822,0.66083
6823,0.66083
6827,0.66083
6833,0.66231
6836,0.66231
6837,0.66231
6840,0.66231
6841,0.66231
6842,0.66231
6843,0.66231
6846,0.66231
6849,0.66231
6850,0.66231
6851,0.66231
6857,0.66231
6858,0.66231
6859,0.66231
6860,0.66231
6861,0.66231
6864,0.66304
6868,0.66304
6871,0.66377
6872,0.66377
6873,0.66377
6874,0.66377
6878,0.66377
6879,0.66377
6880,0.66377
6881,0.66377
6882,0.66377
6883,0.66377
6886,0.66377
6896,0.6645
6900,0.66523
6901,0.66523
6902,0.66523
6903,0.66523
6906,0.66595
6913,0.66595
6916,0.66595
6918,0.66595
6922,0.66595
6923,0.66595
6926,0.66667
6927,0.66667
6928,0.66667
6930,0.66667
6931,0.66667
6934,0.66738
6935,0.66738
6936,0.66738
6937,0.66738
6941,0.66738
6942,0.66738
6943,0.66738
6944,0.66738
6947,0.66738
6953,0.66738
6954,0.66738
6958,0.66738
6959,0.66738
6963,0.66738
6964,0.66738
6965,0.66738
6970,0.66738
6973,0.66738
6974,0.66738
6977,0.66738
6978,0.66738
6982,0.66738
6983,0.66738
6984,0.66738
6986,0.66738
6987,0.66738
6990,0.66738
6991,0.66738
6992,0.66738
6996,0.66738
6999,0.66738
7002,0.66738
7005,0.66809
7006,0.66809
7009,0.66809
7012,0.6688
7016,0.66951
7017,0.66951
7018,0.66951
7019,0.66951
7020,0.66951
7021,0.66951
7022,0.66951
7023,0.66951
7024,0.66951
7026,0.66951
7029,0.66951
7030,0.66951
7033,0.66951
7034,0.66951
7037,0.66951
7038,0.66951
7039,0.66951
7040,0.66951
7041,0.66951
7042,0.66951
7047,0.66951
7048,0.66951
7051,0.67021
7052,0.67021
7053,0.67021
7059,0.67161
7062,0.67161
7063,0.67161
7064,0.67161
7065,0.67161
7066,0.67161
7068,0.67161
7069,0.67161
7070,0.67161
7073,0.67161
7076,0.67161
7079,0.6723
7082,0.6723
7083,0.6723
7084,0.6723
7085,0.6723
7086,0.6723
7090,0.6723
7091,0.6723
7092,0.6723
7095,0.6723
7096,0.6723
7097,0.6723
7103,0.6723
7107,0.6723
7110,0.6723
7111,0.6723
7114,0.673
7117,0.673
7118,0.673
7121,0.673
7124,0.673
7126,0.673
7127,0.673
7130,0.673
7134,0.67368
7137,0.67368
7138,0.67368
7145,0.67437
7148,0.67505
7149,0.67505
7150,0.67505
7156,0.67573
7159,0.67573
7160,0.67573
7163,0.67573
7165,0.67573
7169,0.67573
7170,0.67573
7173,0.67641
7174,0.67641
7175,0.67641
7178,0.67708
7183,0.67708
7184,0.67708
7185,0.67708
7186,0.67708
7187,0.67708
7188,0.67708
7189,0.67708
7192,0.67775
7195,0.67775
7198,0.67775
7199,0.67775
7200,0.67775
7201,0.67775
7204,0.67775
7208,0.67842
7210,0.67842
7213,0.67842
7217,0.67909
7221,0.67909
7222,0.67909
7223,0.67909
7224,0.67909
7225,0.67909
7227,0.67909
7229,0.67909
7230,0.67909
7231,0.67909
7232,0.67909
7233,0.67909
7234,0.67909
7235,0.67909
7236,0.67909
7237,0.67909
7238,0.67909
7241,0.67909
7242,0.67909
7245,0.67909
7248,0.67909
7252,0.67975
7253,0.67975
7254,0.67975
7255,0.67975
7256,0.67975
7257,0.67975
7260,0.68041
7263,0.68107
7266,0.68107
7267,0.68107
7268,0.68107
7269,0.68107
7272,0.68107
7273,0.68107
7274,0.68107
7275,0.68107
7276,0.68107
7277,0.68107
7281,0.68172
7284,0.68172
7285,0.68172
7286,0.68172
7289,0.68238
7291,0.68238
7294,0.68238
7295,0.68238
7296,0.68238
7297,0.68238
7301,0.68098
7304,0.68098
7305,0.68098
7306,0.68098
7314,0.68228
7317,0.68228
7319,0.68228
7320,0.68228
7322,0.68228
7325,0.68293
7327,0.68293
7330,0.68293
7333,0.68293
7336,0.68293
7337,0.68293
7340,0.68293
7341,0.68293
7345,0.68293
7346,0.68293
7347,0.68293
7349,0.68293
7351,0.68293
7353,0.68293
7354,0.68293
7357,0.68357
7360,0.68357
7361,0.68357
7364,0.68421
7365,0.68421
7372,0.68485
7373,0.68485
7375,0.68485
7376,0.68485
7379,0.68485
7382,0.68485
7384,0.68485
7388,0.68548
7389,0.68548
7390,0.68548
7394,0.68548
7398,0.68548
7399,0.68548
7402,0.68548
7403,0.68548
7404,0.68548
7405,0.68548
7406,0.68548
7409,0.68548
7417,0.68548
7418,0.68548
7422,0.68548
7423,0.68548
7426,0.68548
7430,0.68612
7433,0.68612
7436,0.68612
7437,0.68612
7438,0.68612
7439,0.68612
7440,0.68612
7443,0.68612
7446,0.68612
7447,0.68612
7449,0.68612
7452,0.68612
7453,0.68612
7455,0.68612
7458,0.68612
7460,0.68612
7462,0.68612
7463,0.68612
7464,0.68612
7468,0.68675
7471,0.68675
7472,0.68675
7476,0.68675
7477,0.68675
7478,0.68675
7479,0.68675
7483,0.68737
7484,0.68737
7485,0.68737
7488,0.68737
7489,0.68737
7493,0.68737
7497,0.68737
7500,0.68737
7503,0.68737
7504,0.68737
7505,0.68737
7507,0.68737
7508,0.68737
7509,0.68737
7510,0.68737
7514,0.688
7515,0.688
7516,0.688
7517,0.688
7521,0.68862
7522,0.68862
7523,0.68862
7524,0.68862
7525,0.68862
7526,0.68862
7527,0.68725
7529,0.68725
7530,0.68725
7531,0.68725
7532,0.68725
7533,0.68725
7537,0.68725
7540,0.68725
7544,0.68725
7547,0.68725
7548,0.68725
7551,0.68725
7552,0.68725
7555,0.68787
7556,0.68787
7559,0.68849
7560,0.68713
7564,0.68713
7567,0.68713
7568,0.68713
7571,0.68713
7572,0.68713
7573,0.68713
7574,0.68713
7575,0.68713
7578,0.68713
7579,0.68713
7580,0.68713
7581,0.68713
7582,0.68713
7583,0.68713
7584,0.68713
7585,0.68713
7586,0.68713
7587,0.68713
7588,0.68713
7589,0.68713
7590,0.68713
7591,0.68713
7595,0.68713
7596,0.68713
7597,0.68713
7600,0.68713
7601,0.68713
7604,0.68713
7608,0.68713
7611,0.68775
7612,0.68775
7615,0.68836
7618,0.68898
7619,0.68898
7620,0.68898
7621,0.68898
7624,0.68959
7628,0.68959
7629,0.68959
7632,0.68959
7633,0.68959
7636,0.68959
7637,0.68959
7638,0.68959
7639,0.68959
7641,0.68959
7642,0.68959
7643,0.68959
7646,0.68959
7647,0.68959
7649,0.68959
7652,0.6902
7653,0.6902
7654,0.6902
7655,0.6902
7656,0.6902
7657,0.6902
7658,0.6902
7659,0.6902
7660,0.6902
7663,0.6902
7664,0.6902
7667,0.6902
7668,0.6902
7669,0.6902
7670,0.6902
7673,0.6902
7676,0.6902
7677,0.6902
7678,0.6902
7684,0.6902
7687,0.6902
7688,0.6902
7691,0.6908
7694,0.6908
7697,0.6908
7698,0.6908
7700,0.6908
7701,0.6908
7702,0.6908
7705,0.6908
7706,0.6908
7707,0.6908
7710,0.6908
7715,0.69141
7716,0.69141
7717,0.69141
7720,0.69141
7721,0.69141
7724,0.69141
7725,0.69141
7726,0.69141
7727,0.69141
7728,0.69141
7729,0.69141
7730,0.69141
7735,0.69201
7736,0.69201
7740,0.69261
7741,0.69261
7744,0.69261
7745,0.69261
7746,0.69261
7747,0.69261
7748,0.69261
7749,0.69261
7752,0.6932
7758,0.6938
7760,0.6938
7764,0.6938
7765,0.6938
7768,0.6938
7769,0.6938
7771,0.6938
7772,0.6938
7775,0.69439
7776,0.69439
7777,0.69439
7778,0.69439
7781,0.69498
7782,0.69498
7783,0.69498
7785,0.69498
7786,0.69498
7789,0.69557
7790,0.69557
7793,0.69557
7794,0.69557
7798,0.69557
7800,0.69557
7803,0.69557
7804,0.69557
7807,0.69557
7808,0.69557
7811,0.69557
7814,0.69557
7816,0.69557
7817,0.69557
7818,0.69557
7820,0.69557
7826,0.69557
7827,0.69557
7828,0.69557
7834,0.69557
7835,0.69557
7836,0.69557
7837,0.69557
7838,0.69557
7843,0.69615
7844,0.69615
7845,0.69615
7847,0.69615
7849,0.69615
7853,0.69674
7854,0.69674
7855,0.69674
7858,0.69674
7859,0.69674
7860,0.69674
7866,0.6979
7867,0.6979
7868,0.6979
7870,0.6979
7873,0.6979
7877,0.6979
7880,0.6979
7886,0.6979
7887,0.6979
7890,0.6979
7893,0.6979
7894,0.6979
7895,0.6979
7898,0.6979
7899,0.6979
7900,0.6979
7901,0.6979
7904,0.6979
7907,0.6979
7908,0.6979
7909,0.6979
7910,0.6979
7911,0.6979
7914,0.69847
7915,0.69847
7916,0.69847
7917,0.69847
7918,0.69847
7919,0.69847
7920,0.69847
7921,0.69847
7925,0.69847
7928,0.69847
7929,0.69847
7930,0.69847
7933,0.69905
7937,0.69905
7940,0.69905
7942,0.69905
7946,0.69905
7947,0.69905
7950,0.69905
7953,0.69905
7954,0.69905
7958,0.69962
7959,0.69962
7962,0.69962
7966,0.69962
7967,0.69962
7970,0.69962
7971,0.69962
7972,0.69962
7973,0.69962
7976,0.69962
7977,0.69962
7980,0.69962
7982,0.69962
7983,0.69962
7984,0.69962
7987,0.69962
7988,0.69962
7991,0.70019
7992,0.70019
7995,0.70076
7998,0.70076
7999,0.70076
8000,0.70076
8004,0.69943
8005,0.69943
8008,0.69943
8009,0.69943
8010,0.69943
8011,0.69943
8012,0.69943
8013,0.69943
8016,0.7
8020,0.7
8021,0.7
8022,0.7
8023,0.7
8026,0.7
8027,0.7
8028,0.7
8031,0.7
8036,0.7
8039,0.7
8042,0.7
8043,0.7
8053,0.70113
8056,0.70113
8058,0.70113
8059,0.70113
8060,0.70113
8063,0.70113
8066,0.70113
8067,0.70113
8068,0.70113
8071,0.70113
8073,0.70113
8074,0.70113
8077,0.70113
8081,0.70169
8082,0.70169
8085,0.70169
8086,0.70169
8087,0.70169
8088,0.70169
8091,0.70169
8094,0.70169
8095,0.70169
8098,0.70169
8101,0.70225
8102,0.70225
8103,0.70225
8106,0.7028
8107,0.7028
8108,0.7028
8109,0.7028
8110,0.7028
8113,0.7028
8114,0.7028
8115,0.7028
8116,0.7028
8117,0.7028
8120,0.70336
8123,0.70336
8124,0.70336
8125,0.70336
8128,0.70391
8131,0.70391
8132,0.70391
8133,0.70391
8134,0.70391
8136,0.70391
8142,0.70446
8145,0.70501
8146,0.70501
8147,0.70501
8150,0.70556
8151,0.70556
8154,0.70556
8155,0.70556
8156,0.70556
8157,0.70556
8158,0.70556
8161,0.70556
8164,0.70556
8167,0.70556
8168,0.70556
8169,0.70556
8170,0.70556
8171,0.70556
8172,0.70556
8175,0.70556
8176,0.70556
8177,0.70556
8188,0.70556
8189,0.70556
8190,0.70556
8191,0.70556
8192,0.70556
8193,0.70556
8194,0.70556
8195,0.70556
8196,0.70556
8197,0.70556
8198,0.70556
8201,0.7061
8204,0.7061
8205,0.7061
8206,0.7061
8209,0.7061
8210,0.7061
8213,0.7061
8214,0.7061
8215,0.7061
8216,0.7061
8220,0.70664
8221,0.70664
8222,0.70664
8225,0.70718
8228,0.70718
8229,0.70718
8232,0.70718
8233,0.70718
8234,0.70718
8235,0.70718
8236,0.70718
8237,0.70718
8238,0.70718
8239,0.70718
8240,0.70718
8241,0.70718
8242,0.70718
8243,0.70718
8244,0.70718
8247,0.70718
8253,0.70772
8256,0.70772
8257,0.70772
8258,0.70772
8259,0.70772
8262,0.70772
8263,0.70772
8266,0.70826
8267,0.70826
8269,0.70826
8271,0.70826
8275,0.70879
8276,0.70879
8279,0.70879
8282,0.70879
8283,0.70879
8287,0.70879
8288,0.70879
8289,0.70879
8290,0.70879
8293,0.70879
8297,0.70932
8298,0.70932
8299,0.70932
8300,0.70932
8301,0.70932
8303,0.70932
8305,0.70932
8306,0.70932
8307,0.70932
8308,0.70932
8309,0.70932
8310,0.70932
8313,0.70932
8314,0.70932
8317,0.70932
8321,0.70932
8324,0.70932
8325,0.70932
8326,0.70932
8328,0.70932
8329,0.70932
8330,0.70932
8334,0.70932
8335,0.70932
8336,0.70932
8337,0.70932
8341,0.70932
8342,0.70932
8343,0.70932
8344,0.70803
8347,0.70803
8348,0.70803
8351,0.70856
8353,0.70856
8354,0.70856
8357,0.70909
8360,0.70909
8363,0.70909
8364,0.70909
8367,0.70962
8368,0.70962
8371,0.70962
8372,0.70962
8373,0.70962
8377,0.70962
8381,0.70962
8382,0.70962
8383,0.70962
8387,0.71014
8390,0.71014
8393,0.71014
8394,0.71014
8395,0.71014
8396,0.71014
8397,0.71014
8398,0.71014
8399,0.71014
8400,0.71014
8401,0.71014
8404,0.71067
8408,0.71067
8409,0.71067
8412,0.71067
8413,0.71067
8414,0.71067
8417,0.71067
8420,0.71067
8423,0.71119
8424,0.71119
8426,0.71119
8428,0.71119
8429,0.71119
8430,0.71119
8431,0.71119
8432,0.71119
8433,0.71119
8437,0.71119
8438,0.71119
8439,0.71119
8440,0.71119
8441,0.71119
8442,0.71119
8443,0.71119
8444,0.71119
8445,0.71119
8446,0.71119
8452,0.71119
8453,0.71119
8454,0.71119
8455,0.71119
8458,0.71119
8461,0.71119
8464,0.71119
8467,0.71171
8468,0.71171
8475,0.71223
8476,0.71223
8477,0.71223
8478,0.71223
8479,0.71223
8480,0.71223
8481,0.71223
8484,0.71223
8487,0.71275
8488,0.71275
8489,0.71275
8490,0.71275
8493,0.71326
8494,0.71326
8495,0.71326
8498,0.71326
8501,0.71326
8506,0.71377
8507,0.71377
8511,0.71377
8512,0.71377
8514,0.71377
8517,0.71429
8518,0.71429
8519,0.71429
8522,0.71429
8523,0.71429
8524,0.71429
8527,0.7148
8528,0.7148
8529,0.7148
8530,0.7148
8531,0.7148
8532,0.7148
8535,0.7148
8536,0.7148
8539,0.7153
8542,0.7153
8543,0.7153
8546,0.7153
8547,0.7153
8549,0.7153
8553,0.71581
8554,0.71581
8555,0.71581
8558,0.71631
8559,0.71631
8562,0.71631
8563,0.71631
8566,0.71631
8568,0.71631
8572,0.71681
8575,0.71731
8577,0.71731
8580,0.71781
8581,0.71781
8582,0.71781
8583,0.71781
8584,0.71781
8586,0.71781
8590,0.71781
8596,0.71781
8597,0.71781
8600,0.71781
8601,0.71781
8604,0.71831
8605,0.71831
8606,0.71831
8607,0.71831
8608,0.71831
8609,0.71831
8612,0.7188
8615,0.7188
8616,0.7188
8617,0.7188
8618,0.7188
8619,0.7188
8624,0.7188
8625,0.7188
8626,0.7188
8627,0.7188
8628,0.7188
8629,0.7188
8630,0.7188
8631,0.7188
8632,0.7188
8633,0.7188
8636,0.7193
8637,0.7193
8640,0.71979
8641,0.71979
8644,0.72028
8645,0.72028
8646,0.72028
8647,0.72028
8650,0.72028
8653,0.72028
8656,0.72077
8657,0.72077
8660,0.72077
8662,0.72077
8663,0.72077
8664,0.72077
8667,0.72077
8668,0.72077
8669,0.72077
8675,0.72077
8678,0.72077
8682,0.72125
8683,0.72125
8684,0.72125
8687,0.72125
8689,0.72125
8692,0.72125
8695,0.72174
8697,0.72174
8700,0.72174
8701,0.72174
8702,0.72049
8703,0.72049
8704,0.72049
8705,0.72049
8708,0.72097
8709,0.72097
8713,0.72145
8714,0.72145
8717,0.72145
8718,0.72145
8721,0.72145
8724,0.72145
8725,0.72145
8736,0.72193
8737,0.72193
8738,0.72193
8741,0.72193
8742,0.72193
8747,0.72241
8748,0.72241
8749,0.72241
8752,0.72241
8753,0.72241
8756,0.72289
8759,0.72289
8760,0.72289
8761,0.72289
8762,0.72289
8763,0.72289
8764,0.72289
8768,0.72337
8771,0.72337
8772,0.72337
8773,0.72337
8774,0.72337
8775,0.72337
8776,0.72337
8777,0.72337
8778,0.72337
8779,0.72337
8780,0.72337
8781,0.72337
8787,0.72337
8793,0.72213
8794,0.72213
8798,0.72213
8799,0.72213
8802,0.72213
8803,0.72213
8804,0.72213
8805,0.72213
8808,0.72213
8809,0.72213
8810,0.72213
8811,0.72213
8812,0.72213
8813,0.72213
8814,0.72213
8818,0.72213
8821,0.72213
8824,0.72213
8825,0.72213
8826,0.72213
8827,0.72213
8828,0.72213
8829,0.72213
8830,0.72213
8831,0.72213
8832,0.72213
8833,0.72213
8836,0.7226
8837,0.7226
8840,0.72308
8844,0.72355
8845,0.72355
8846,0.72355
8849,0.72355
8852,0.72355
8853,0.72355
8856,0.72355
8857,0.72355
8858,0.72355
8860,0.72355
8861,0.72355
8863,0.72355
8864,0.72355
8865,0.72355
8866,0.72355
8867,0.72355
8870,0.72355
8873,0.72355
8874,0.72355
8876,0.72355
8879,0.72402
8880,0.72402
8881,0.72402
8882,0.72402
8883,0.72402
8886,0.72449
8887,0.72449
8888,0.72449
8889,0.72449
8890,0.72449
8894,0.72449
8895,0.72449
8896,0.72449
8897,0.72449
8899,0.72449
8902,0.72449
8905,0.72449
8906,0.72449
8907,0.72449
8908,0.72449
8909,0.72449
8912,0.72496
8913,0.72496
8914,0.72496
8915,0.72496
8916,0.72496
8917,0.72496
8920,0.72496
8923,0.72542
8924,0.72542
8925,0.72542
8928,0.72589
8929,0.72589
8930,0.72589
8931,0.72589
8932,0.72589
8933,0.72589
8934,0.72589
8937,0.72589
8938,0.72589
8940,0.72589
8941,0.72589
8942,0.72589
8946,0.72589
8947,0.72589
8950,0.72589
8951,0.72589
8952,0.72589
8953,0.72589
8954,0.72589
8958,0.72635
8959,0.72635
8962,0.72635
8965,0.72681
8966,0.72681
8968,0.72681
8971,0.72681
8974,0.72727
8976,0.72727
8979,0.72727
8980,0.72727
8981,0.72727
8983,0.72727
8986,0.72727
8990,0.72727
8991,0.72727
8993,0.72727
8996,0.72727
9003,0.72773
9004,0.72773
9006,0.72773
9007,0.72773
9010,0.72773
9013,0.72773
9016,0.72819
9017,0.72819
9018,0.72819
9019,0.72819
9020,0.72819
9022,0.72819
9023,0.72819
9024,0.72819
9025,0.72819
9026,0.72819
9027,0.72819
9033,0.72819
9034,0.72819
9035,0.72819
9038,0.72819
9041,0.72819
9042,0.72819
9045,0.72819
9046,0.72819
9050,0.72864
9051,0.72864
9052,0.72864
9053,0.72864
9054,0.72864
9055,0.72864
9056,0.72864
9057,0.72864
9058,0.72864
9059,0.72864
9060,0.72864
9063,0.72864
9064,0.72864
9065,0.72864
9066,0.72864
9067,0.72864
9068,0.72864
9069,0.72864
9072,0.72864
9073,0.72864
9075,0.72864
9077,0.72864
9082,0.72864
9085,0.7291
9086,0.7291
9087,0.7291
9088,0.7291
9089,0.7291
9092,0.7291
9095,0.72955
9096,0.72955
9099,0.72955
9100,0.72955
9101,0.72955
9102,0.72955
9105,0.72955
9106,0.72955
9107,0.72955
9108,0.72955
9109,0.72955
9113,0.72955
9114,0.72955
9115,0.72955
9118,0.73
9121,0.73
9122,0.73
9123,0.73
9126,0.73
9127,0.73
9128,0.73
9129,0.73
9130,0.73
9133,0.73
9140,0.73045
9143,0.73045
9144,0.73045
9150,0.73045
9151,0.73045
9152,0.73045
9153,0.73045
9156,0.73045
9158,0.73045
9161,0.7309
9163,0.7309
9164,0.7309
9170,0.73179
9173,0.73179
9174,0.73179
9175,0.73179
9178,0.73223
9179,0.73223
9182,0.73223
9184,0.73223
9187,0.73267
9190,0.73311
9193,0.73355
9195,0.73355
9196,0.73355
9199,0.73355
9200,0.73355
9201,0.73355
9202,0.73355
9203,0.73355
9204,0.73355
9205,0.73355
9206,0.73355
9209,0.73399
9210,0.73399
9211,0.73399
9214,0.73399
9215,0.73399
9216,0.73399
9217,0.73399
9219,0.73399
9222,0.73443
9225,0.73486
9232,0.73529
9235,0.73529
9236,0.73529
9239,0.73529
9241,0.73529
9242,0.73529
9243,0.73529
9244,0.73529
9247,0.73529
9248,0.73529
9254,0.73573
9255,0.73573
9256,0.73573
9257,0.73573
9260,0.73573
9262,0.73573
9263,0.73573
9266,0.73616
9268,0.73496
9269,0.73496
9273,0.73539
9274,0.73539
9277,0.73539
9278,0.73539
9279,0.73539
9280,0.73539
9281,0.73539
9282,0.73539
9283,0.73539
9284,0.73539
9285,0.73539
9286,0.73539
9287,0.73539
9291,0.73539
9294,0.73539
9295,0.73539
9298,0.73582
9302,0.73625
9303,0.73625
9304,0.73625
9306,0.73625
9307,0.73625
9310,0.73625
9316,0.73506
9320,0.73506
9321,0.73506
9322,0.73506
9326,0.73506
9327,0.73506
9330,0.73506
9331,0.73506
9332,0.73506
9334,0.73506
9335,0.73506
9338,0.73506
9342,0.73506
9345,0.73506
9348,0.73506
9349,0.73506
9350,0.73506
9353,0.73548
9354,0.73548
9358,0.73548
9359,0.73548
9360,0.73548
9361,0.73548
9364,0.73548
9365,0.73548
9369,0.73548
9370,0.73548
9371,0.73548
9372,0.73548
9373,0.73548
9379,0.73591
9380,0.73591
9383,0.73591
9384,0.73591
9385,0.73591
9388,0.73591
9389,0.73591
9390,0.73591
9391,0.73591
9392,0.73591
9393,0.73591
9394,0.73591
9395,0.73591
9396,0.73591
9399,0.73633
9400,0.73633
9404,0.73676
9405,0.73676
9411,0.73676
9417,0.73718
9418,0.73718
9421,0.73718
9422,0.73718
9423,0.73718
9424,0.73718
9426,0.73718
9427,0.73718
9430,0.73718
9432,0.73718
9433,0.73718
9436,0.73718
9437,0.73718
9438,0.73718
9441,0.7376
9442,0.7376
9443,0.7376
9444,0.7376
9445,0.7376
9446,0.7376
9447,0.7376
9448,0.7376
9451,0.7376
9454,0.73802
9457,0.73802
9461,0.73802
9464,0.73802
9468,0.73802
9469,0.73802
9472,0.73844
9473,0.73844
9474,0.73844
9475,0.73844
9476,0.73844
9478,0.73844
9479,0.73844
9482,0.73844
9483,0.73844
9486,0.73844
9487,0.73844
9488,0.73844
9494,0.73885
9495,0.73885
9496,0.73885
9497,0.73885
9500,0.73885
9501,0.73885
9504,0.73885
9505,0.73885
9506,0.73885
9507,0.73885
9510,0.73927
9511,0.73927
9518,0.73968
9521,0.73968
9525,0.73968
9528,0.7401
9529,0.7401
9530,0.7401
9533,0.74051
9536,0.74092
9537,0.74092
9538,0.74092
9539,0.74092
9541,0.74092
9544,0.74132
9545,0.74132
9548,0.74173
9549,0.74173
9550,0.74173
9551,0.74173
9554,0.74173
9555,0.74173
9558,0.74214
9559,0.74214
9562,0.74214
9563,0.74214
9564,0.74214
9567,0.74214
9568,0.74214
9569,0.74214
9570,0.74214
9571,0.74214
9572,0.74214
9573,0.74214
9574,0.74214
9575,0.74214
9576,0.74214
9579,0.74254
9582,0.74295
9583,0.74295
9584,0.74295
9585,0.74295
9586,0.74295
9587,0.74295
9589,0.74295
9590,0.74295
9593,0.74295
9594,0.74295
9597,0.74295
9598,0.74295
9599,0.74295
9602,0.74335
9605,0.74375
9606,0.74375
9607,0.74375
9611,0.74375
9617,0.74455
9620,0.74455
9623,0.74455
9624,0.74455
9627,0.74455
9628,0.74455
9629,0.74455
9630,0.74455
9631,0.74455
9632,0.74455
9633,0.74455
9634,0.74455
9635,0.74455
9636,0.74455
9639,0.74455
9641,0.74455
9644,0.74455
9645,0.74455
9646,0.74455
9647,0.74455
9648,0.74455
9651,0.74495
9652,0.74495
9653,0.74495
9654,0.74495
9655,0.74495
9656,0.74495
9657,0.74495
9660,0.74534
9661,0.74534
9663,0.74534
9666,0.74574
9667,0.74574
9668,0.74574
9669,0.74574
9672,0.74574
9678,0.74574
9679,0.74574
9680,0.74574
9683,0.74574
9684,0.74574
9685,0.74574
9686,0.74574
9687,0.74574
9694,0.74652
9698,0.74691
9699,0.74691
9702,0.74691
9703,0.74691
9706,0.74691
9707,0.74691
9709,0.74691
9710,0.74691
9711,0.74691
9714,0.74691
9718,0.74691
9719,0.74691
9720,0.74691
9724,0.74691
9727,0.7473
9728,0.7473
9729,0.7473
9732,0.7473
9734,0.7473
9736,0.7473
9737,0.7473
9738,0.7473
9739,0.7473
9740,0.7473
9741,0.7473
9742,0.7473
9745,0.7473
9747,0.7473
9749,0.7473
9750,0.7473
9753,0.7473
9756,0.74769
9757,0.74769
9759,0.74769
9760,0.74769
9761,0.74769
9764,0.74769
9766,0.74769
9770,0.74769
9771,0.74769
9773,0.74769
9774,0.74769
9777,0.74769
9781,0.74769
9788,0.74808
9789,0.74808
9790,0.74808
9791,0.74808
9792,0.74808
9795,0.74808
9796,0.74808
9797,0.74808
9798,0.74808
9799,0.74808
9801,0.74808
9802,0.74808
9803,0.74808
9806,0.74847
9809,0.74885
9810,0.74885
9812,0.74885
9814,0.74885
9815,0.74885
9818,0.74924
9822,0.74962
9823,0.74962
9824,0.74962
9825,0.74962
9828,0.74962
9829,0.74962
9833,0.74962
9834,0.74962
9837,0.75
9838,0.75
9839,0.75
9840,0.75
9841,0.75
9842,0.75
9844,0.75
9845,0.75
9848,0.75
9849,0.75
9850,0.75
9851,0.75
9852,0.75
9854,0.75
9857,0.75038
9860,0.75038
9861,0.75038
9862,0.75038
9863,0.75038
9864,0.75038
9867,0.75038
9868,0.75038
9871,0.75076
9873,0.75076
9874,0.75076
9880,0.75076
9882,0.75076
9883,0.75076
9884,0.75076
9885,0.75076
9888,0.75114
9891,0.75114
9892,0.75114
9893,0.75114
9900,0.75152
9901,0.75152
9902,0.75152
9903,0.75152
9906,0.75189
9907,0.75189
9908,0.75189
9909,0.75189
9910,0.75189
9914,0.75189
9915,0.75189
9916,0.75189
9918,0.75189
9919,0.75189
9920,0.75189
9921,0.75189
9922,0.75189
9923,0.75189
9924,0.75189
9926,0.75189
9927,0.75189
9928,0.75189
9929,0.75189
9933,0.75189
9934,0.75189
9935,0.75189
9936,0.75189
9937,0.75189
9938,0.75189
9939,0.75189
9940,0.75189
9941,0.75189
9942,0.75189
9943,0.75189
9946,0.75189
9949,0.75227
9950,0.75227
9951,0.75227
9952,0.75227
9955,0.75227
9958,0.75227
9959,0.75227
9960,0.75227
9961,0.75227
9962,0.75227
9963,0.75227
9964,0.75227
9967,0.75227
9970,0.75264
9971,0.75264
9972,0.75264
9975,0.75301
9978,0.75301
9981,0.75338
9982,0.75338
9983,0.75338
9984,0.75338
9985,0.75338
9988,0.75338
9989,0.75338
9992,0.75375
9995,0.75375
9998,0.75375
9999,0.75375
10000,0.75375
