9,1
10,1
13,1
14,1
17,1
18,1
19,1
27,1
31,1
32,1
33,1
36,1
39,1
40,1
41,1
44,1
48,1
49,1
52,1
53,1
56,1
59,1
60,1
61,1
63,1
64,1
65,1
69,1
70,1
71,1
72,1
73,1
81,1
82,1
83,1
84,1
91,1
92,1
95,1
98,1
99,1
102,1
105,1
108,1
122,1
123,1
124,1
125,1
128,1
129,1
130,1
134,1
135,1
138,1
139,1
140,1
143,1
144,1
147,1
150,1
152,1
156,1
157,1
158,1
167,1
168,1
169,1
172,1
180,1
183,0.95652
184,0.95652
185,0.95652
186,0.95652
190,0.95833
193,0.92
194,0.92
195,0.92
201,0.92
204,0.92
205,0.92
208,0.92
213,0.92
214,0.92
216,0.92
217,0.92
218,0.92
219,0.92
220,0.92
221,0.92
222,0.92
223,0.92
224,0.92
227,0.92
228,0.92
230,0.92
234,0.92
235,0.92
238,0.92
242,0.92308
243,0.92308
244,0.92308
245,0.92308
251,0.92308
252,0.92308
253,0.92308
256,0.92308
267,0.92308
268,0.92308
279,0.92593
280,0.92593
281,0.92593
282,0.92593
283,0.92593
284,0.92593
285,0.92593
286,0.92593
289,0.89286
290,0.89286
291,0.89286
292,0.89286
295,0.89286
296,0.89286
297,0.89286
301,0.86207
302,0.86207
308,0.86667
309,0.86667
312,0.83871
315,0.83871
318,0.83871
319,0.83871
326,0.84375
327,0.84375
328,0.84375
329,0.84375
330,0.84375
331,0.84375
336,0.84375
337,0.84375
340,0.84848
341,0.84848
342,0.84848
348,0.84848
349,0.84848
350,0.84848
351,0.84848
353,0.84848
354,0.84848
356,0.84848
358,0.84848
360,0.84848
364,0.84848
373,0.84848
380,0.84848
382,0.84848
383,0.84848
386,0.84848
390,0.84848
394,0.84848
397,0.84848
400,0.84848
401,0.84848
405,0.84848
406,0.84848
407,0.84848
409,0.84848
412,0.84848
413,0.84848
415,0.84848
416,0.84848
421,0.84848
422,0.84848
423,0.84848
426,0.84848
427,0.84848
429,0.84848
432,0.84848
433,0.84848
434,0.84848
437,0.84848
444,0.85294
445,0.85294
448,0.85294
449,0.85294
450,0.85294
451,0.85294
455,0.85294
456,0.85294
457,0.85294
460,0.85714
464,0.85714
465,0.85714
466,0.85714
467,0.85714
469,0.85714
476,0.86111
477,0.86111
478,0.86111
484,0.87179
489,0.87179
492,0.87179
493,0.87179
496,0.87179
497,0.87179
498,0.87179
499,0.87179
500,0.87179
507,0.875
510,0.87805
511,0.87805
514,0.87805
515,0.87805
519,0.87805
523,0.87805
526,0.88095
527,0.88095
530,0.88095
531,0.88095
532,0.88095
534,0.88095
540,0.88372
541,0.88372
542,0.88372
543,0.88372
548,0.88372
558,0.88636
559,0.88636
561,0.88636
562,0.88636
568,0.88636
569,0.88636
570,0.88636
571,0.88636
572,0.88636
573,0.88636
575,0.88636
576,0.88636
578,0.88636
579,0.88636
580,0.88636
581,0.88636
582,0.88636
583,0.88636
584,0.88636
585,0.88636
588,0.88636
591,0.88636
597,0.88889
599,0.88889
602,0.8913
603,0.8913
604,0.8913
605,0.8913
608,0.8913
609,0.8913
610,0.8913
611,0.8913
612,0.8913
613,0.8913
614,0.8913
617,0.89362
619,0.89362
620,0.89362
621,0.89362
624,0.89362
629,0.89362
630,0.89362
631,0.89362
634,0.89362
638,0.89362
639,0.89362
640,0.89362
641,0.89362
644,0.89362
647,0.875
648,0.875
649,0.875
650,0.875
651,0.875
652,0.875
655,0.875
657,0.875
658,0.875
659,0.875
662,0.875
666,0.875
667,0.875
668,0.875
671,0.87755
677,0.86
680,0.86275
681,0.86275
684,0.86538
685,0.86538
686,0.86538
690,0.86538
692,0.86538
695,0.86792
697,0.86792
698,0.86792
699,0.86792
700,0.86792
704,0.86792
707,0.86792
713,0.86792
714,0.86792
716,0.86792
717,0.86792
718,0.86792
719,0.86792
720,0.86792
721,0.86792
722,0.86792
723,0.86792
727,0.86792
728,0.86792
729,0.86792
730,0.86792
731,0.86792
734,0.86792
737,0.87037
744,0.87273
746,0.87273
747,0.87273
750,0.875
751,0.875
752,0.875
753,0.875
754,0.875
755,0.875
761,0.875
762,0.875
773,0.87931
774,0.87931
779,0.87931
782,0.87931
785,0.87931
786,0.87931
789,0.87931
793,0.87931
794,0.87931
797,0.87931
800,0.87931
803,0.87931
804,0.87931
808,0.88136
811,0.88136
815,0.88136
816,0.88136
817,0.88136
818,0.88136
821,0.88136
823,0.88136
832,0.89062
835,0.89231
838,0.89231
839,0.89231
840,0.89231
842,0.89231
844,0.89231
845,0.89231
846,0.89231
853,0.89231
857,0.89231
858,0.89231
863,0.89231
864,0.89231
867,0.89231
868,0.89231
869,0.89231
870,0.89231
871,0.89231
873,0.89231
874,0.89231
875,0.89231
878,0.89394
879,0.89394
880,0.89394
881,0.89394
882,0.89394
883,0.89394
884,0.89394
888,0.89394
891,0.89394
892,0.89394
895,0.89394
898,0.89394
905,0.89706
908,0.89706
909,0.89706
910,0.89706
911,0.89706
914,0.89706
915,0.89706
918,0.89706
919,0.89706
920,0.89706
923,0.89706
926,0.89706
930,0.89855
931,0.89855
934,0.89855
935,0.89855
936,0.89855
937,0.89855
940,0.89855
941,0.89855
944,0.89855
945,0.89855
952,0.90141
953,0.90141
954,0.90141
957,0.90141
960,0.90141
963,0.90278
966,0.90411
967,0.90411
971,0.90411
972,0.90411
975,0.90411
976,0.90411
977,0.90411
979,0.90411
980,0.90411
981,0.90411
982,0.90411
983,0.90411
984,0.90411
987,0.90411
994,0.89189
998,0.89189
1003,0.89333
1004,0.89333
1005,0.89333
1006,0.89333
1011,0.89474
1014,0.89474
1017,0.89474
1018,0.89474
1019,0.89474
1022,0.89474
1023,0.89474
1024,0.89474
1026,0.89474
1030,0.89474
1031,0.89474
1032,0.89474
1033,0.89474
1034,0.89474
1035,0.89474
1036,0.89474
1039,0.89474
1040,0.89474
1047,0.89474
1050,0.8961
1053,0.8961
1054,0.8961
1055,0.8961
1056,0.8961
1057,0.8961
1059,0.8961
1060,0.8961
1061,0.8961
1062,0.8961
1064,0.8961
1066,0.8961
1069,0.8961
1070,0.8961
1071,0.8961
1072,0.8961
1075,0.8961
1078,0.8961
1079,0.8961
1082,0.8961
1085,0.8961
1086,0.8961
1091,0.8961
1094,0.8961
1097,0.8961
1098,0.8961
1109,0.8961
1114,0.89744
1117,0.89873
1123,0.89873
1127,0.9
1128,0.9
1130,0.9
1131,0.9
1132,0.9
1133,0.9
1136,0.9
1137,0.9
1140,0.90123
1143,0.90123
1146,0.90244
1149,0.90244
1152,0.90244
1154,0.90244
1155,0.90244
1157,0.90244
1158,0.90244
1166,0.90244
1169,0.90244
1170,0.90244
1171,0.90244
1172,0.90244
1173,0.90244
1176,0.90244
1178,0.90244
1182,0.90361
1185,0.89286
1186,0.89286
1188,0.89286
1189,0.89286
1190,0.89286
1194,0.88235
1197,0.88235
1200,0.87209
1203,0.87209
1204,0.87209
1205,0.87209
1211,0.87356
1212,0.87356
1213,0.87356
1214,0.87356
1215,0.87356
1216,0.87356
1219,0.87356
1220,0.87356
1221,0.87356
1222,0.87356
1225,0.87356
1226,0.87356
1227,0.87356
1229,0.87356
1230,0.87356
1233,0.875
1234,0.875
1235,0.875
1241,0.87778
1242,0.87778
1243,0.87778
1246,0.86813
1252,0.86813
1259,0.86813
1262,0.8587
1263,0.8587
1266,0.8587
1267,0.8587
1268,0.8587
1269,0.8587
1272,0.8587
1273,0.8587
1276,0.84946
1277,0.84946
1278,0.84946
1281,0.84946
1282,0.84946
1286,0.84946
1287,0.84946
1298,0.85263
1300,0.85263
1301,0.85263
1310,0.85567
1313,0.84694
1314,0.84694
1315,0.84694
1316,0.84694
1317,0.84694
1318,0.84694
1319,0.84694
1322,0.84848
1323,0.84848
1325,0.84848
1328,0.84848
1331,0.84848
1338,0.84848
1342,0.85
1345,0.85149
1348,0.85294
1349,0.85294
1350,0.85294
1351,0.85294
1352,0.85294
1353,0.85294
1355,0.85294
1356,0.85294
1357,0.85294
1358,0.85294
1361,0.85294
1364,0.85294
1367,0.85294
1368,0.85294
1369,0.85294
1373,0.85294
1375,0.85294
1378,0.85294
1379,0.85294
1382,0.85294
1383,0.85294
1384,0.85294
1388,0.85294
1390,0.85294
1391,0.85294
1394,0.84466
1395,0.84466
1398,0.84466
1399,0.84466
1400,0.84466
1401,0.84466
1402,0.84466
1405,0.83654
1406,0.83654
1407,0.83654
1408,0.83654
1418,0.83019
1419,0.83019
1426,0.82243
1427,0.82243
1430,0.81481
1433,0.81651
1434,0.81651
1438,0.81818
1439,0.81818
1445,0.81982
1446,0.81982
1449,0.8125
1450,0.8125
1456,0.8125
1457,0.8125
1459,0.8125
1460,0.8125
1463,0.8125
1464,0.8125
1465,0.8125
1468,0.8125
1472,0.81416
1473,0.81416
1474,0.81416
1475,0.81416
1479,0.81416
1480,0.81416
1481,0.81416
1484,0.81579
1485,0.81579
1491,0.81739
1492,0.81739
1493,0.81739
1494,0.81739
1500,0.81897
1501,0.81897
1502,0.81897
1503,0.81897
1507,0.81897
1510,0.81897
1511,0.81897
1512,0.81897
1514,0.81897
1518,0.81897
1519,0.81897
1520,0.81897
1522,0.81897
1523,0.81897
1524,0.81897
1527,0.81897
1528,0.81897
1532,0.81897
1536,0.82051
1538,0.82051
1541,0.82051
1542,0.82051
1543,0.82051
1545,0.82051
1549,0.82203
1550,0.82203
1551,0.82203
1555,0.82203
1556,0.82203
1560,0.82353
1561,0.82353
1562,0.82353
1563,0.82353
1564,0.82353
1567,0.82353
1570,0.825
1575,0.825
1576,0.825
1580,0.82645
1581,0.82645
1582,0.82645
1583,0.82645
1584,0.82645
1585,0.82645
1586,0.82645
1587,0.82645
1588,0.82645
1589,0.82645
1593,0.82645
1596,0.82645
1597,0.82645
1598,0.82645
1601,0.82645
1602,0.82645
1606,0.82787
1607,0.82787
1614,0.82927
1617,0.82258
1618,0.82258
1619,0.82258
1620,0.82258
1624,0.82258
1625,0.82258
1626,0.82258
1629,0.82258
1632,0.82258
1635,0.82258
1636,0.82258
1637,0.82258
1641,0.82258
1642,0.82258
1643,0.82258
1644,0.82258
1647,0.82258
1650,0.816
1654,0.80952
1658,0.81102
1659,0.81102
1660,0.81102
1662,0.81102
1666,0.8125
1669,0.8125
1670,0.8125
1671,0.8125
1677,0.8125
1678,0.8125
1679,0.8125
1680,0.8125
1681,0.8125
1687,0.8125
1688,0.8125
1693,0.8125
1696,0.8062
1699,0.80769
1700,0.80769
1703,0.80916
1704,0.80916
1707,0.80916
1710,0.80916
1713,0.80916
1717,0.81061
1718,0.81061
1719,0.81061
1722,0.81061
1723,0.81061
1724,0.81061
1725,0.81061
1726,0.81061
1727,0.81061
1730,0.81061
1733,0.81061
1736,0.81203
1740,0.81203
1741,0.81203
1744,0.81203
1745,0.81203
1747,0.81203
1752,0.81203
1753,0.81203
1754,0.81203
1755,0.81203
1766,0.81618
1769,0.81618
1770,0.81618
1771,0.81618
1772,0.81618
1773,0.81618
1774,0.81618
1777,0.81022
1778,0.81022
1779,0.81022
1785,0.81022
1786,0.81022
1789,0.80435
1792,0.80435
1793,0.80435
1794,0.80435
1795,0.80435
1796,0.80435
1799,0.79856
1803,0.79856
1804,0.79856
1808,0.79856
1809,0.79856
1812,0.79856
1813,0.79856
1820,0.8
1829,0.8
1830,0.8
1833,0.8
1834,0.8
1836,0.8
1837,0.8
1838,0.8
1839,0.8
1842,0.79433
1843,0.79433
1844,0.79433
1845,0.79433
1848,0.79577
1849,0.79577
1852,0.79577
1860,0.79577
1861,0.79577
1862,0.79577
1865,0.79021
1868,0.79167
1869,0.79167
1872,0.7931
1879,0.79452
1880,0.79452
1881,0.79452
1882,0.79452
1885,0.79452
1888,0.78912
1889,0.78912
1890,0.78912
1894,0.78912
1900,0.78378
1901,0.78378
1902,0.78378
1903,0.78378
1904,0.78378
1905,0.78378
1909,0.78523
1910,0.78523
1911,0.78523
1912,0.78523
1915,0.78667
1920,0.78808
1926,0.78808
1929,0.78808
1930,0.78808
1931,0.78808
1932,0.78808
1936,0.78808
1937,0.78808
1938,0.78808
1941,0.78808
1945,0.78808
1948,0.78808
1951,0.78808
1953,0.78808
1954,0.78808
1955,0.78808
1960,0.78289
1962,0.78289
1963,0.78289
1966,0.78289
1970,0.78289
1971,0.78289
1973,0.78289
1974,0.78289
1975,0.78289
1976,0.78289
1977,0.78289
1979,0.78289
1986,0.78289
1987,0.78289
1988,0.78289
1991,0.78431
1992,0.78431
1994,0.78431
1995,0.78431
2002,0.78431
2005,0.78431
2008,0.78571
2009,0.78571
2010,0.78571
2011,0.78571
2018,0.78571
2019,0.78571
2021,0.78571
2022,0.78571
2025,0.78571
2026,0.78571
2030,0.7871
2033,0.78846
2034,0.78846
2037,0.78344
2042,0.78481
2044,0.78481
2045,0.78481
2047,0.78481
2050,0.78481
2051,0.78481
2052,0.78481
2053,0.78481
2054,0.78481
2061,0.78125
2062,0.78125
2065,0.78125
2068,0.78261
2070,0.78261
2076,0.78528
2077,0.78528
2078,0.78528
2081,0.78528
2085,0.78528
2088,0.78049
2089,0.78049
2090,0.78049
2094,0.77576
2095,0.77576
2099,0.77711
2108,0.77381
2111,0.77381
2112,0.77381
2113,0.77381
2116,0.77381
2120,0.77381
2121,0.77381
2124,0.77381
2127,0.77381
2131,0.77515
2132,0.77515
2133,0.77515
2134,0.77515
2135,0.77515
2139,0.77515
2140,0.77515
2142,0.77515
2143,0.77515
2146,0.77515
2147,0.77515
2148,0.77515
2155,0.77193
2158,0.77193
2161,0.77193
2162,0.77193
2163,0.77193
2166,0.76744
2167,0.76744
2168,0.76744
2169,0.76744
2170,0.76744
2171,0.76744
2172,0.76744
2173,0.76744
2174,0.76744
2175,0.76744
2176,0.76744
2179,0.76744
2180,0.76744
2181,0.76744
2182,0.76744
2185,0.76744
2190,0.76744
2193,0.76744
2197,0.76744
2198,0.76744
2199,0.76744
2202,0.76879
2205,0.76879
2206,0.76879
2209,0.76879
2211,0.76879
2212,0.76879
2215,0.76879
2216,0.76879
2219,0.77011
2220,0.77011
2221,0.77011
2222,0.77011
2223,0.77011
2230,0.77011
2231,0.77011
2232,0.77011
2235,0.77011
2238,0.77011
2239,0.77011
2240,0.77011
2245,0.77011
2246,0.77011
2247,0.77011
2253,0.77011
2257,0.77143
2260,0.77143
2261,0.77143
2264,0.76705
2267,0.76705
2268,0.76705
2269,0.76705
2270,0.76705
2276,0.76705
2277,0.76705
2278,0.76705
2284,0.76836
2285,0.76836
2297,0.75978
2298,0.75978
2299,0.75978
2300,0.75978
2301,0.75978
2303,0.75978
2306,0.75978
2308,0.75978
2315,0.76111
2321,0.76374
2328,0.76374
2331,0.76374
2334,0.76503
2335,0.76503
2336,0.76503
2337,0.76503
2338,0.76503
2339,0.76503
2342,0.76503
2343,0.76503
2347,0.7663
2348,0.7663
2349,0.7663
2362,0.76882
2363,0.76882
2364,0.76882
2365,0.76882
2369,0.76471
2370,0.76471
2373,0.76471
2374,0.76471
2375,0.76471
2376,0.76471
2379,0.76471
2382,0.76471
2383,0.76471
2384,0.76471
2385,0.76471
2386,0.76471
2387,0.76471
2388,0.76471
2391,0.76471
2394,0.76596
2398,0.76596
2399,0.76596
2402,0.76596
2407,0.7672
2409,0.7672
2418,0.77202
2419,0.77202
2420,0.77202
2421,0.77202
2422,0.77202
2423,0.77202
2424,0.77202
2426,0.77202
2428,0.77202
2429,0.77202
2430,0.77202
2431,0.77202
2434,0.7732
2436,0.7732
2440,0.76923
2443,0.77041
2444,0.77041
2445,0.77041
2446,0.77041
2449,0.7665
2452,0.76768
2453,0.76768
2454,0.76768
2456,0.76768
2464,0.76768
2465,0.76768
2468,0.76382
2469,0.76382
2471,0.76382
2472,0.76382
2473,0.76382
2474,0.76382
2477,0.76382
2480,0.76382
2483,0.76382
2484,0.76382
2486,0.76382
2491,0.76
2494,0.76
2498,0.76
2499,0.76
2517,0.75248
2518,0.75248
2519,0.75248
2520,0.75248
2521,0.75248
2522,0.75248
2523,0.75248
2524,0.75248
2528,0.75248
2529,0.75248
2530,0.75248
2536,0.75248
2538,0.75248
2540,0.75248
2543,0.75369
2544,0.75369
2545,0.75369
2546,0.75369
2547,0.75369
2550,0.75
2551,0.75
2555,0.75122
2556,0.75122
2557,0.75122
2559,0.75122
2564,0.75122
2565,0.75122
2568,0.74757
2569,0.74757
2573,0.74757
2574,0.74757
2575,0.74757
2578,0.74757
2579,0.74757
2581,0.74757
2582,0.74757
2586,0.74879
2587,0.74879
2590,0.74879
2594,0.74879
2598,0.74519
2599,0.74519
2605,0.74641
2606,0.74641
2607,0.74641
2611,0.74641
2612,0.74641
2613,0.74641
2614,0.74641
2615,0.74641
2618,0.74762
2619,0.74762
2621,0.74762
2624,0.74762
2625,0.74762
2626,0.74762
2627,0.74762
2630,0.74762
2631,0.74762
2634,0.74408
2635,0.74408
2636,0.74408
2640,0.74408
2643,0.74057
2644,0.74057
2647,0.74057
2650,0.73709
2651,0.73709
2652,0.73709
2653,0.73709
2656,0.73709
2657,0.73709
2658,0.73709
2659,0.73709
2660,0.73709
2661,0.73709
2667,0.73832
2669,0.73832
2678,0.73853
2681,0.73853
2682,0.73853
2685,0.73973
2687,0.73973
2688,0.73973
2689,0.73973
2690,0.73973
2693,0.73973
2696,0.74091
2697,0.74091
2698,0.74091
2699,0.74091
2700,0.74091
2701,0.74091
2702,0.74091
2703,0.74091
2704,0.74091
2705,0.74091
2706,0.74091
2708,0.74091
2711,0.74091
2714,0.74091
2715,0.74091
2716,0.74091
2717,0.74091
2718,0.74091
2719,0.74091
2720,0.74091
2721,0.74091
2722,0.74091
2727,0.74208
2728,0.74208
2731,0.74208
2734,0.74208
2735,0.74208
2736,0.74208
2737,0.74208
2740,0.73874
2741,0.73874
2742,0.73874
2745,0.73874
2748,0.73874
2751,0.73991
2753,0.73991
2757,0.73991
2760,0.74107
2766,0.73778
2767,0.73778
2768,0.73778
2771,0.73778
2773,0.73778
2775,0.73778
2776,0.73778
2778,0.73778
2782,0.73451
2788,0.73568
2789,0.73568
2792,0.73684
2793,0.73684
2794,0.73684
2795,0.73684
2798,0.73799
2801,0.73799
2802,0.73799
2806,0.73799
2809,0.73913
2810,0.73913
2811,0.73913
2814,0.74026
2815,0.74026
2816,0.74026
2817,0.74026
2820,0.74026
2823,0.73707
2824,0.73707
2826,0.73707
2827,0.73707
2828,0.73707
2831,0.7382
2834,0.7382
2835,0.7382
2838,0.73932
2839,0.73932
2848,0.74043
2851,0.73729
2852,0.73729
2853,0.73729
2854,0.73729
2855,0.73729
2856,0.73729
2857,0.73729
2858,0.73729
2859,0.73729
2860,0.73729
2861,0.73729
2862,0.73729
2863,0.73729
2864,0.73729
2867,0.73418
2871,0.73418
2872,0.73418
2873,0.73418
2880,0.73222
2881,0.73222
2882,0.73222
2885,0.73333
2888,0.73333
2891,0.73029
2894,0.73029
2895,0.73029
2896,0.73029
2899,0.73029
2902,0.73029
2903,0.73029
2904,0.73029
2905,0.73029
2906,0.73029
2907,0.73029
2908,0.73029
2909,0.73029
2912,0.7314
2913,0.7314
2914,0.7314
2915,0.7314
2918,0.73251
2919,0.73251
2921,0.73251
2922,0.73251
2924,0.73251
2925,0.73251
2926,0.73251
2927,0.73251
2928,0.73251
2929,0.73251
2930,0.73251
2933,0.73361
2936,0.73361
2937,0.73361
2938,0.73361
2941,0.73361
2942,0.73361
2945,0.73361
2947,0.73361
2950,0.73061
2953,0.73171
2956,0.73171
2957,0.73171
2958,0.73171
2962,0.73171
2963,0.73171
2967,0.73279
2970,0.72984
2972,0.72984
2973,0.72984
2974,0.72984
2975,0.72984
2977,0.72984
2978,0.72984
2979,0.72984
2980,0.72984
2983,0.72984
2985,0.72984
2989,0.73092
2990,0.73092
2991,0.73092
2992,0.73092
2996,0.73092
2997,0.73092
2998,0.73092
2999,0.73092
3000,0.73092
3001,0.73092
3003,0.73092
3010,0.73092
3011,0.73092
3012,0.73092
3016,0.732
3021,0.72908
3022,0.72908
3023,0.72908
3029,0.73016
3030,0.73016
3031,0.73016
3032,0.73016
3033,0.73016
3036,0.72727
3037,0.72727
3038,0.72727
3041,0.72441
3042,0.72441
3043,0.72441
3046,0.72157
3047,0.72157
3050,0.71875
3053,0.71984
3059,0.71705
3060,0.71705
3061,0.71705
3064,0.71429
3066,0.71429
3067,0.71429
3070,0.71538
3073,0.71648
3074,0.71648
3075,0.71648
3076,0.71648
3077,0.71648
3078,0.71648
3081,0.71756
3082,0.71756
3083,0.71756
3085,0.71756
3088,0.71756
3089,0.71756
3094,0.7197
3095,0.7197
3096,0.7197
3099,0.7197
3100,0.7197
3101,0.7197
3103,0.7197
3107,0.72075
3108,0.72075
3111,0.72075
3114,0.72075
3121,0.72285
3122,0.72285
3125,0.72388
3129,0.72119
3132,0.72222
3138,0.71956
3140,0.71956
3141,0.71956
3142,0.71956
3146,0.72059
3147,0.72059
3149,0.72059
3150,0.72059
3153,0.71795
3155,0.71795
3156,0.71795
3158,0.71795
3159,0.71795
3160,0.71795
3161,0.71795
3162,0.71795
3163,0.71795
3164,0.71795
3166,0.71795
3167,0.71795
3168,0.71795
3169,0.71795
3171,0.71795
3172,0.71795
3176,0.71795
3179,0.71533
3180,0.71533
3184,0.71533
3185,0.71533
3188,0.71533
3189,0.71533
3192,0.71533
3194,0.71533
3203,0.71119
3205,0.71119
3210,0.70863
3211,0.70863
3212,0.70863
3215,0.70863
3216,0.70863
3217,0.70863
3218,0.70863
3219,0.70863
3220,0.70863
3223,0.70609
3224,0.70609
3227,0.70609
3230,0.70609
3231,0.70609
3232,0.70609
3233,0.70609
3234,0.70609
3235,0.70609
3236,0.70609
3239,0.70609
3243,0.70357
3244,0.70357
3247,0.70357
3248,0.70357
3251,0.70357
3254,0.70357
3255,0.70357
3259,0.70463
3260,0.70463
3261,0.70463
3262,0.70463
3263,0.70463
3266,0.70213
3267,0.70213
3271,0.69965
3272,0.69965
3275,0.69718
3276,0.69718
3280,0.69474
3281,0.69474
3284,0.6958
3285,0.6958
3289,0.6958
3292,0.69686
3296,0.69686
3297,0.69686
3300,0.69792
3304,0.69896
3305,0.69896
3308,0.69896
3309,0.69896
3310,0.69896
3314,0.7
3315,0.7
3316,0.7
3317,0.7
3318,0.7
3319,0.7
3320,0.7
3323,0.69759
3324,0.69759
3325,0.69759
3326,0.69759
3327,0.69759
3337,0.69521
3338,0.69521
3339,0.69521
3342,0.69521
3343,0.69521
3347,0.69625
3348,0.69625
3349,0.69625
3354,0.69388
3355,0.69388
3356,0.69388
3357,0.69388
3358,0.69388
3360,0.69388
3361,0.69388
3362,0.69388
3363,0.69388
3364,0.69388
3365,0.69388
3368,0.69492
3369,0.69492
3370,0.69492
3371,0.69492
3375,0.69257
3376,0.69257
3377,0.69257
3380,0.6936
3381,0.6936
3382,0.6936
3385,0.69463
3388,0.69463
3389,0.69463
3390,0.69463
3393,0.69463
3394,0.69463
3398,0.69463
3399,0.69463
3403,0.69463
3404,0.69463
3405,0.69463
3408,0.69463
3409,0.69463
3412,0.69463
3415,0.69565
3416,0.69565
3417,0.69565
3418,0.69565
3419,0.69565
3422,0.69333
3423,0.69333
3424,0.69333
3425,0.69333
3426,0.69333
3429,0.69435
3430,0.69435
3436,0.69205
3438,0.69205
3441,0.68977
3442,0.68977
3443,0.68977
3444,0.68977
3447,0.69079
3448,0.69079
3450,0.69079
3451,0.69079
3455,0.6918
3456,0.6918
3457,0.6918
3460,0.6918
3461,0.6918
3464,0.69281
3467,0.69281
3468,0.69281
3470,0.69281
3471,0.69281
3472,0.69281
3474,0.69281
3475,0.69281
3477,0.69281
3481,0.69281
3486,0.69281
3487,0.69281
3488,0.69281
3489,0.69281
3492,0.69281
3493,0.69281
3494,0.69281
3497,0.69381
3502,0.69481
3504,0.69481
3505,0.69481
3506,0.69481
3507,0.69481
3511,0.69256
3514,0.69256
3518,0.69355
3524,0.69231
3530,0.6879
3533,0.6879
3536,0.68889
3537,0.68889
3540,0.68671
3541,0.68671
3542,0.68671
3546,0.6877
3550,0.68868
3551,0.68868
3552,0.68868
3553,0.68868
3554,0.68868
3557,0.68868
3560,0.68868
3561,0.68868
3562,0.68868
3563,0.68868
3564,0.68868
3565,0.68868
3566,0.68868
3567,0.68868
3568,0.68868
3570,0.68868
3572,0.68868
3575,0.68868
3584,0.68652
3585,0.68652
3586,0.68652
3587,0.68652
3588,0.68652
3589,0.68652
3591,0.68652
3593,0.68652
3594,0.68652
3596,0.68652
3601,0.68652
3608,0.68652
3609,0.68652
3610,0.68652
3611,0.68652
3612,0.68652
3614,0.68652
3615,0.68652
3616,0.68652
3620,0.68437
3626,0.68536
3629,0.68536
3630,0.68536
3634,0.68634
3638,0.68421
3639,0.68421
3642,0.68421
3645,0.68421
3649,0.68421
3655,0.68519
3656,0.68519
3657,0.68519
3658,0.68519
3661,0.68615
3662,0.68615
3664,0.68615
3667,0.68712
3670,0.68712
3673,0.68712
3676,0.68807
3679,0.68598
3680,0.68598
3681,0.68598
3684,0.68693
3685,0.68693
3688,0.68693
3691,0.68693
3692,0.68693
3693,0.68693
3700,0.6858
3701,0.6858
3702,0.6858
3703,0.6858
3706,0.6858
3709,0.6858
3710,0.6858
3713,0.68675
3716,0.68769
3717,0.68769
3719,0.68769
3720,0.68769
3721,0.68769
3724,0.68769
3726,0.68769
3729,0.68563
3731,0.68563
3736,0.68358
3737,0.68358
3739,0.68358
3742,0.68358
3745,0.68452
3748,0.68452
3751,0.68452
3752,0.68452
3754,0.68452
3755,0.68452
3758,0.68546
3759,0.68546
3762,0.68343
3766,0.68529
3767,0.68529
3773,0.68529
3778,0.68529
3782,0.68529
3785,0.68328
3786,0.68328
3789,0.68421
3792,0.68421
3795,0.68421
3796,0.68421
3799,0.68421
3800,0.68421
3802,0.68421
3803,0.68421
3806,0.68513
3809,0.68513
3810,0.68513
3812,0.68513
3815,0.68513
3816,0.68513
3817,0.68513
3818,0.68513
3822,0.68605
3826,0.68406
3827,0.68406
3828,0.68406
3829,0.68406
3831,0.68406
3834,0.68406
3837,0.68406
3838,0.68406
3839,0.68406
3850,0.68391
3853,0.68195
3856,0.68286
3868,0.68091
3872,0.68091
3874,0.68091
3877,0.68091
3878,0.68091
3879,0.68091
3882,0.68091
3883,0.68091
3884,0.68091
3885,0.68091
3886,0.68091
3889,0.68182
3892,0.67989
3898,0.68079
3902,0.68079
3903,0.68079
3904,0.68079
3905,0.68079
3906,0.68079
3907,0.68079
3910,0.68169
3914,0.68258
3915,0.68258
3917,0.68258
3918,0.68258
3919,0.68258
3922,0.68258
3923,0.68258
3936,0.68067
3937,0.68067
3938,0.68067
3941,0.68156
3942,0.68156
3946,0.67967
3950,0.68056
3954,0.68144
3957,0.67956
3958,0.67956
3959,0.67956
3962,0.67769
3965,0.67769
3966,0.67769
3967,0.67769
3969,0.67769
3972,0.67769
3973,0.67769
3974,0.67769
3975,0.67769
3976,0.67769
3977,0.67769
3978,0.67769
3981,0.67857
3985,0.67945
3986,0.67945
3988,0.67945
3989,0.67945
3991,0.67945
3992,0.67945
3994,0.67945
3995,0.67945
3998,0.68033
3999,0.68033
4000,0.68033
4002,0.68033
4004,0.68033
4005,0.68033
4008,0.6812
4009,0.6812
4010,0.6812
4011,0.6812
4014,0.68207
4015,0.68207
4016,0.68207
4022,0.68378
4024,0.68378
4025,0.68378
4026,0.68378
4029,0.68194
4033,0.68194
4036,0.68194
4037,0.68194
4038,0.68194
4042,0.68194
4043,0.68194
4044,0.68194
4045,0.68194
4046,0.68194
4049,0.68194
4050,0.68194
4051,0.68194
4054,0.68194
4058,0.68194
4059,0.68194
4061,0.68194
4062,0.68194
4063,0.68194
4064,0.68194
4067,0.68194
4068,0.68194
4069,0.68194
4070,0.68194
4071,0.68194
4072,0.68194
4078,0.6828
4083,0.68097
4087,0.67914
4097,0.67905
4098,0.67905
4099,0.67905
4100,0.67905
4101,0.67905
4109,0.67905
4110,0.67905
4113,0.67905
4117,0.67725
4119,0.67725
4125,0.67632
4126,0.67632
4129,0.67454
4132,0.67539
4135,0.67624
4138,0.67708
4142,0.67792
4143,0.67792
4144,0.67792
4147,0.67617
4149,0.67617
4155,0.67617
4159,0.67442
4160,0.67442
4164,0.67442
4167,0.67268
4169,0.67268
4170,0.67268
4171,0.67268
4172,0.67268
4174,0.67268
4182,0.67352
4185,0.67179
4186,0.67179
4188,0.67179
4190,0.67179
4191,0.67179
4192,0.67179
4193,0.67179
4194,0.67179
4197,0.67008
4198,0.67008
4201,0.67092
4202,0.67092
4203,0.67092
4204,0.67092
4207,0.67176
4208,0.67176
4209,0.67176
4213,0.67259
4214,0.67259
4215,0.67259
4218,0.67342
4220,0.67342
4221,0.67342
4222,0.67342
4223,0.67342
4227,0.67172
4228,0.67172
4229,0.67172
4230,0.67172
4231,0.67172
4232,0.67172
4236,0.67003
4240,0.67085
4241,0.67085
4244,0.67085
4247,0.66917
4248,0.66917
4249,0.66917
4250,0.66917
4253,0.6675
4254,0.6675
4255,0.6675
4258,0.66833
4259,0.66833
4262,0.66667
4263,0.66667
4266,0.66749
4267,0.66749
4270,0.66584
4273,0.6642
4274,0.6642
4275,0.6642
4276,0.6642
4277,0.6642
4278,0.6642
4279,0.6642
4280,0.6642
4283,0.66256
4286,0.66339
4287,0.66339
4288,0.66339
4289,0.66339
4290,0.66339
4291,0.66339
4294,0.66339
4295,0.66339
4303,0.66015
4306,0.65854
4307,0.65854
4308,0.65854
4310,0.65854
4311,0.65854
4320,0.65854
4321,0.65854
4327,0.66184
4328,0.66184
4329,0.66184
4330,0.66184
4332,0.66184
4333,0.66184
4334,0.66184
4337,0.66184
4338,0.66184
4341,0.66024
4347,0.65947
4348,0.65947
4349,0.65947
4353,0.65947
4354,0.65947
4356,0.65947
4357,0.65947
4358,0.65947
4361,0.65947
4365,0.66029
4366,0.66029
4367,0.66029
4369,0.66029
4370,0.66029
4371,0.66029
4374,0.66029
4375,0.66029
4376,0.66029
4379,0.66029
4380,0.66029
4381,0.66029
4382,0.66029
4383,0.66029
4384,0.66029
4385,0.66029
4391,0.6619
4396,0.66271
4398,0.66271
4402,0.66114
4405,0.66194
4406,0.66194
4409,0.66274
4413,0.66274
4414,0.66274
4419,0.66432
4420,0.66432
4421,0.66432
4422,0.66432
4423,0.66432
4426,0.66276
4430,0.66121
4431,0.66121
4432,0.66121
4433,0.66121
4434,0.66121
4435,0.66121
4442,0.66279
4446,0.66279
4447,0.66279
4448,0.66279
4452,0.66279
4455,0.66279
4458,0.66357
4460,0.66357
4463,0.66435
4466,0.66282
4467,0.66282
4468,0.66282
4473,0.66129
4476,0.66129
4477,0.66129
4478,0.66129
4482,0.65977
4485,0.66055
4489,0.66133
4490,0.66133
4491,0.66133
4494,0.6621
4497,0.66287
4500,0.66136
4501,0.66136
4506,0.6629
4509,0.6629
4510,0.6629
4511,0.6629
4514,0.6629
4516,0.6629
4517,0.6629
4520,0.66366
4523,0.66441
4524,0.66441
4526,0.66441
4528,0.66441
4531,0.66292
4532,0.66292
4533,0.66292
4534,0.66292
4536,0.66292
4537,0.66292
4538,0.66292
4539,0.66292
4543,0.66143
4544,0.66143
4547,0.65996
4548,0.65996
4550,0.65996
4552,0.65996
4562,0.66222
4564,0.66222
4565,0.66222
4568,0.66297
4569,0.66297
4570,0.66297
4571,0.66297
4572,0.66297
4575,0.66372
4576,0.66372
4577,0.66372
4583,0.66225
4584,0.66225
4587,0.663
4588,0.663
4591,0.66374
4592,0.66374
4593,0.66374
4597,0.66447
4598,0.66447
4599,0.66447
4600,0.66447
4603,0.66521
4604,0.66521
4606,0.66521
4607,0.66521
4611,0.66376
4614,0.66449
4617,0.66304
4620,0.66377
4621,0.66377
4624,0.6645
4625,0.6645
4628,0.66307
4629,0.66307
4632,0.66379
4633,0.66379
4636,0.66237
4637,0.66237
4638,0.66237
4640,0.66237
4643,0.66094
4645,0.66094
4646,0.66094
4647,0.66094
4648,0.66094
4649,0.66094
4650,0.66094
4654,0.65953
4656,0.65953
4659,0.66026
4662,0.65885
4663,0.65885
4664,0.65885
4665,0.65885
4668,0.65885
4674,0.65817
4681,0.65678
4684,0.65751
4685,0.65751
4687,0.65751
4688,0.65751
4690,0.65751
4691,0.65751
4694,0.65823
4695,0.65823
4698,0.65823
4701,0.65684
4705,0.65828
4706,0.65828
4710,0.6569
4713,0.6569
4714,0.6569
4715,0.6569
4718,0.65553
4720,0.65553
4721,0.65553
4726,0.65625
4728,0.65625
4730,0.65625
4731,0.65625
4734,0.65489
4737,0.65353
4738,0.65353
4741,0.65217
4744,0.65217
4746,0.65217
4747,0.65217
4750,0.65083
4752,0.65083
4753,0.65083
4756,0.65083
4760,0.64948
4761,0.64948
4762,0.64948
4763,0.64948
4764,0.64948
4765,0.64948
4771,0.65021
4772,0.65021
4773,0.65021
4774,0.65021
4775,0.65021
4778,0.65021
4781,0.65092
4784,0.65092
4785,0.65092
4788,0.64959
4790,0.64959
4791,0.64959
4794,0.65031
4799,0.65173
4802,0.65041
4803,0.65041
4806,0.65041
4807,0.65041
4811,0.65041
4812,0.65041
4813,0.65041
4814,0.65041
4815,0.65041
4818,0.64909
4821,0.6498
4822,0.6498
4823,0.6498
4824,0.6498
4825,0.6498
4829,0.64848
4830,0.64848
4831,0.64848
4832,0.64848
4833,0.64848
4834,0.64848
4837,0.64718
4839,0.64718
4840,0.64718
4841,0.64718
4844,0.64718
4845,0.64718
4846,0.64718
4847,0.64718
4848,0.64718
4849,0.64718
4850,0.64718
4854,0.64588
4855,0.64588
4856,0.64588
4857,0.64588
4860,0.64588
4861,0.64588
4862,0.64588
4864,0.64588
4867,0.64659
4868,0.64659
4870,0.64659
4871,0.64659
4872,0.64659
4878,0.64659
4880,0.64659
4881,0.64659
4882,0.64659
4886,0.64529
4887,0.64529
4890,0.646
4891,0.646
4892,0.646
4896,0.646
4902,0.64542
4905,0.64414
4907,0.64414
4908,0.64414
4909,0.64414
4910,0.64414
4911,0.64414
4914,0.64414
4915,0.64414
4918,0.64484
4924,0.64554
4928,0.64427
4929,0.64427
4934,0.64427
4935,0.64427
4936,0.64427
4937,0.64427
4938,0.64427
4939,0.64427
4940,0.64427
4943,0.64497
4944,0.64497
4945,0.64497
4946,0.64497
4947,0.64497
4951,0.64567
4952,0.64567
4955,0.6444
4958,0.6451
4962,0.64384
4963,0.64384
4966,0.64258
4967,0.64258
4970,0.64133
4971,0.64133
4973,0.64133
4975,0.64133
4976,0.64133
4977,0.64133
4978,0.64133
4979,0.64133
4982,0.64008
4983,0.64008
4986,0.64008
4987,0.64008
4990,0.64078
4991,0.64078
4994,0.64147
4997,0.64147
4998,0.64147
5000,0.64147
5003,0.64147
5004,0.64147
5005,0.64147
5007,0.64147
5008,0.64147
5010,0.64147
5011,0.64147
5014,0.64023
5015,0.64023
5016,0.64023
5022,0.64162
5024,0.64162
5025,0.64162
5026,0.64162
5029,0.64038
5032,0.63916
5033,0.63916
5034,0.63916
5035,0.63916
5039,0.63793
5042,0.63862
5044,0.63862
5045,0.63862
5046,0.63862
5050,0.63931
5051,0.63931
5053,0.63931
5059,0.63878
5063,0.63878
5064,0.63878
5070,0.63757
5071,0.63757
5072,0.63757
5078,0.63757
5079,0.63757
5080,0.63757
5083,0.63636
5084,0.63636
5087,0.63636
5088,0.63636
5089,0.63636
5090,0.63636
5094,0.63516
5095,0.63516
5096,0.63516
5097,0.63516
5100,0.63516
5101,0.63516
5102,0.63516
5103,0.63516
5104,0.63516
5108,0.63585
5111,0.63653
5112,0.63653
5113,0.63653
5116,0.63722
5118,0.63722
5121,0.6379
5122,0.6379
5123,0.6379
5124,0.6379
5125,0.6379
5126,0.6379
5130,0.6379
5133,0.6367
5134,0.6367
5135,0.6367
5136,0.6367
5137,0.6367
5140,0.63738
5141,0.63738
5144,0.63619
5147,0.63687
5150,0.63755
5152,0.63755
5155,0.63636
5159,0.63704
5160,0.63704
5163,0.63771
5166,0.63653
5169,0.6372
5170,0.6372
5171,0.6372
5172,0.6372
5173,0.6372
5175,0.6372
5176,0.6372
5179,0.6372
5181,0.6372
5182,0.6372
5183,0.6372
5186,0.6372
5189,0.63603
5192,0.6367
5193,0.6367
5196,0.63553
5199,0.6362
5202,0.63504
5203,0.63504
5204,0.63504
5207,0.6357
5208,0.6357
5209,0.6357
5210,0.6357
5211,0.6357
5214,0.63636
5215,0.63636
5218,0.63636
5227,0.63702
5230,0.63587
5234,0.63587
5238,0.63472
5239,0.63472
5240,0.63472
5243,0.63472
5247,0.63472
5248,0.63472
5251,0.63472
5254,0.63357
5257,0.63243
5258,0.63243
5260,0.63243
5261,0.63243
5262,0.63243
5264,0.63243
5265,0.63243
5267,0.63243
5269,0.63243
5270,0.63243
5274,0.63196
5277,0.63196
5280,0.63196
5282,0.63196
5283,0.63196
5287,0.63082
5290,0.6297
5291,0.6297
5292,0.6297
5298,0.63036
5299,0.63036
5300,0.63036
5301,0.63036
5306,0.62923
5315,0.627
5318,0.62766
5321,0.62832
5322,0.62832
5323,0.62832
5329,0.62898
5330,0.62898
5331,0.62898
5332,0.62898
5335,0.62898
5336,0.62898
5337,0.62898
5338,0.62898
5345,0.62898
5346,0.62898
5347,0.62898
5349,0.62898
5350,0.62898
5351,0.62898
5354,0.62963
5357,0.63028
5360,0.62917
5361,0.62917
5362,0.62917
5366,0.62807
5367,0.62807
5368,0.62807
5371,0.62872
5374,0.62937
5377,0.62827
5378,0.62827
5381,0.62718
5384,0.62783
5387,0.62847
5393,0.62976
5394,0.62976
5397,0.6304
5400,0.6304
5401,0.6304
5402,0.6304
5409,0.62823
5411,0.62823
5412,0.62823
5413,0.62823
5414,0.62823
5417,0.62823
5419,0.62823
5423,0.62887
5424,0.62887
5425,0.62887
5426,0.62887
5427,0.62887
5428,0.62887
5429,0.62887
5430,0.62887
5433,0.6295
5439,0.63014
5442,0.63077
5443,0.63077
5444,0.63077
5445,0.63077
5448,0.62969
5451,0.62969
5452,0.62969
5455,0.63032
5462,0.62818
5463,0.62818
5465,0.62818
5468,0.62881
5472,0.62881
5473,0.62881
5474,0.62881
5475,0.62881
5476,0.62881
5477,0.62881
5480,0.62944
5481,0.62944
5482,0.62944
5483,0.62944
5484,0.62944
5485,0.62944
5487,0.62944
5490,0.62838
5493,0.62901
5494,0.62901
5495,0.62901
5496,0.62901
5502,0.62963
5506,0.63025
5507,0.63025
5510,0.63025
5517,0.63149
5520,0.63211
5521,0.63211
5522,0.63211
5523,0.63211
5526,0.63272
5527,0.63272
5530,0.63272
5533,0.63272
5534,0.63272
5537,0.63333
5538,0.63333
5539,0.63333
5540,0.63333
5541,0.63333
5542,0.63333
5543,0.63333
5544,0.63333
5545,0.63333
5546,0.63333
5547,0.63333
5551,0.63394
5552,0.63394
5553,0.63394
5554,0.63394
5557,0.63289
5558,0.63289
5559,0.63289
5560,0.63289
5570,0.63411
5571,0.63411
5572,0.63411
5573,0.63411
5574,0.63411
5575,0.63411
5576,0.63411
5577,0.63411
5579,0.63411
5580,0.63411
5581,0.63411
5582,0.63411
5585,0.63411
5586,0.63411
5590,0.63471
5594,0.63366
5598,0.63262
5608,0.63383
5611,0.63443
5615,0.63502
5618,0.63562
5622,0.63622
5623,0.63622
5624,0.63622
5627,0.63518
5633,0.63474
5634,0.63474
5637,0.63533
5640,0.6343
5643,0.63328
5644,0.63328
5648,0.63387
5654,0.63446
5655,0.63446
5658,0.63344
5663,0.63403
5667,0.63462
5671,0.6336
5674,0.63419
5675,0.63419
5677,0.63419
5678,0.63419
5681,0.63419
5687,0.63535
5690,0.63434
5692,0.63434
5693,0.63434
5694,0.63434
5697,0.63333
5698,0.63333
5702,0.63391
5705,0.63391
5708,0.63291
5709,0.63291
5710,0.63291
5711,0.63291
5717,0.63407
5719,0.63407
5720,0.63407
5722,0.63407
5726,0.63465
5727,0.63465
5728,0.63465
5731,0.63522
5732,0.63522
5733,0.63522
5736,0.63579
5737,0.63579
5738,0.63579
5739,0.63579
5744,0.63636
5747,0.63636
5751,0.63636
5752,0.63636
5753,0.63636
5754,0.63636
5757,0.63636
5758,0.63636
5761,0.63693
5765,0.6375
5766,0.6375
5767,0.6375
5770,0.6375
5773,0.63807
5774,0.63807
5775,0.63807
5777,0.63807
5781,0.63807
5782,0.63807
5785,0.63863
5788,0.63764
5792,0.63876
5793,0.63876
5794,0.63876
5800,0.63876
5801,0.63876
5802,0.63876
5803,0.63876
5808,0.63876
5809,0.63876
5810,0.63876
5811,0.63876
5812,0.63876
5816,0.63932
5819,0.63932
5820,0.63932
5821,0.63932
5822,0.63932
5827,0.64043
5828,0.64043
5831,0.64043
5832,0.64043
5835,0.64099
5838,0.64154
5839,0.64154
5841,0.64154
5844,0.64055
5845,0.64055
5848,0.6411
5852,0.64012
5855,0.64067
5856,0.64067
5857,0.64067
5858,0.64067
5859,0.64067
5860,0.64067
5861,0.64067
5862,0.64067
5863,0.64067
5864,0.64067
5865,0.64067
5868,0.64067
5869,0.64067
5870,0.64067
5874,0.64122
5878,0.64177
5879,0.64177
5880,0.64177
5881,0.64177
5882,0.64177
5886,0.64231
5889,0.64286
5890,0.64286
5891,0.64286
5893,0.64286
5897,0.64188
5898,0.64188
5901,0.64188
5902,0.64188
5905,0.64242
5911,0.64048
5912,0.64048
5913,0.64048
5914,0.64048
5916,0.64048
5917,0.64048
5918,0.64048
5919,0.64048
5920,0.64048
5921,0.64048
5922,0.64048
5923,0.64048
5924,0.64048
5925,0.64048
5926,0.64048
5927,0.64048
5928,0.64048
5931,0.64103
5932,0.64103
5935,0.64157
5936,0.64157
5937,0.64157
5940,0.64211
5941,0.64211
5942,0.64211
5946,0.64211
5947,0.64211
5949,0.64211
5950,0.64211
5951,0.64211
5954,0.64211
5955,0.64211
5956,0.64211
5957,0.64211
5958,0.64211
5959,0.64211
5960,0.64211
5964,0.64114
5965,0.64114
5968,0.64168
5969,0.64168
5970,0.64168
5971,0.64168
5972,0.64168
5973,0.64168
5977,0.64168
5981,0.64222
5982,0.64222
5986,0.64275
5987,0.64275
5988,0.64275
5990,0.64275
5994,0.64275
5995,0.64275
5997,0.64275
6000,0.64179
6001,0.64179
6003,0.64179
6006,0.64232
6009,0.64286
6012,0.64339
6013,0.64339
6016,0.64243
6023,0.64402
6026,0.64307
6027,0.64307
6030,0.64212
6034,0.64265
6035,0.64265
6036,0.64265
6039,0.64317
6040,0.64317
6041,0.64317
6042,0.64317
6043,0.64317
6044,0.64317
6045,0.64317
6046,0.64317
6049,0.64223
6052,0.64275
6053,0.64275
6056,0.64327
6057,0.64327
6058,0.64327
6059,0.64327
6060,0.64327
6064,0.64327
6068,0.6438
6070,0.6438
6071,0.6438
6074,0.64286
6077,0.64286
6079,0.64286
6082,0.64338
6083,0.64338
6084,0.64338
6085,0.64338
6086,0.64338
6089,0.64338
6090,0.64338
6091,0.64338
6092,0.64338
6093,0.64338
6094,0.64338
6095,0.64338
6099,0.64338
6102,0.6439
6103,0.6439
6104,0.6439
6107,0.6439
6109,0.6439
6112,0.64296
6113,0.64296
6114,0.64296
6115,0.64296
6116,0.64296
6119,0.64348
6122,0.64399
6126,0.64399
6127,0.64399
6128,0.64399
6129,0.64399
6132,0.64306
6134,0.64306
6137,0.64358
6140,0.64265
6143,0.64173
6145,0.64173
6146,0.64173
6147,0.64173
6150,0.64173
6152,0.64173
6155,0.6408
6156,0.6408
6157,0.6408
6158,0.6408
6159,0.6408
6160,0.6408
6163,0.63989
6164,0.63989
6165,0.63989
6166,0.63989
6167,0.63989
6168,0.63989
6174,0.63948
6175,0.63948
6179,0.64
6180,0.64
6181,0.64
6185,0.63909
6186,0.63909
6192,0.64062
6195,0.64113
6196,0.64113
6200,0.64164
6203,0.64164
6204,0.64164
6208,0.64074
6211,0.64124
6212,0.64124
6215,0.64124
6216,0.64124
6218,0.64124
6219,0.64124
6222,0.64034
6223,0.64034
6226,0.64034
6227,0.64034
6228,0.64034
6231,0.63944
6232,0.63944
6233,0.63944
6234,0.63944
6237,0.63854
6238,0.63854
6239,0.63854
6240,0.63854
6242,0.63854
6245,0.63904
6246,0.63904
6247,0.63904
6248,0.63904
6249,0.63904
6250,0.63904
6251,0.63904
6252,0.63904
6255,0.63815
6259,0.63815
6262,0.63725
6263,0.63725
6264,0.63725
6267,0.63776
6268,0.63776
6269,0.63776
6270,0.63776
6271,0.63776
6274,0.63827
6275,0.63827
6276,0.63827
6277,0.63827
6278,0.63827
6279,0.63827
6280,0.63827
6282,0.63827
6285,0.63877
6286,0.63877
6287,0.63877
6290,0.63788
6291,0.63788
6292,0.63788
6293,0.63788
6295,0.63788
6296,0.63788
6299,0.637
6300,0.637
6301,0.637
6305,0.637
6308,0.63611
6311,0.63662
6314,0.63712
6319,0.63762
6320,0.63762
6321,0.63762
6322,0.63762
6323,0.63762
6324,0.63762
6325,0.63762
6326,0.63762
6327,0.63762
6328,0.63762
6332,0.63674
6333,0.63674
6336,0.63586
6339,0.63586
6342,0.63636
6345,0.63686
6348,0.63686
6349,0.63686
6351,0.63686
6352,0.63686
6353,0.63686
6357,0.63599
6360,0.63512
6361,0.63512
6362,0.63512
6363,0.63512
6366,0.63425
6367,0.63425
6368,0.63425
6371,0.63475
6374,0.63525
6378,0.63438
6381,0.63351
6382,0.63351
6383,0.63351
6384,0.63351
6387,0.63401
6388,0.63401
6389,0.63401
6391,0.63401
6392,0.63401
6393,0.63401
6396,0.63451
6397,0.63451
6400,0.63365
6401,0.63365
6402,0.63365
6403,0.63365
6404,0.63365
6407,0.63365
6408,0.63365
6409,0.63365
6410,0.63365
6411,0.63365
6412,0.63365
6415,0.63415
6416,0.63415
6421,0.63329
6423,0.63329
6424,0.63329
6425,0.63329
6426,0.63329
6429,0.63243
6430,0.63243
6433,0.63243
6434,0.63243
6435,0.63243
6436,0.63243
6437,0.63243
6438,0.63243
6441,0.63158
6444,0.63208
6447,0.63208
6448,0.63208
6449,0.63208
6450,0.63208
6451,0.63208
6452,0.63208
6454,0.63208
6457,0.63122
6458,0.63122
6459,0.63122
6462,0.63122
6463,0.63122
6464,0.63122
6467,0.63122
6469,0.63122
6473,0.63172
6475,0.63172
6478,0.63172
6479,0.63172
6483,0.63087
6486,0.63003
6487,0.63003
6491,0.63052
6493,0.63052
6495,0.63052
6496,0.63052
6497,0.63052
6498,0.63052
6501,0.63102
6504,0.63102
6505,0.63102
6509,0.63151
6510,0.63151
6513,0.63067
6514,0.63067
6515,0.63067
6516,0.63067
6517,0.63067
6518,0.63067
6519,0.63067
6520,0.63067
6521,0.63067
6524,0.63067
6525,0.63067
6528,0.63116
6531,0.63032
6532,0.63032
6533,0.63032
6539,0.6313
6540,0.6313
6541,0.6313
6542,0.6313
6543,0.6313
6544,0.6313
6547,0.63046
6548,0.63046
6549,0.63046
6550,0.63046
6553,0.62963
6556,0.62963
6559,0.63012
6560,0.63012
6563,0.63012
6564,0.63012
6567,0.62929
6570,0.62978
6574,0.63026
6577,0.62943
6580,0.62992
6583,0.63041
6586,0.63041
6587,0.63041
6590,0.63089
6593,0.63137
6596,0.63055
6597,0.63055
6599,0.63055
6600,0.63055
6603,0.63055
6606,0.62973
6609,0.62891
6610,0.62891
6612,0.62891
6615,0.62809
6616,0.62809
6619,0.62857
6622,0.62905
6625,0.62824
6628,0.62872
6629,0.62872
6630,0.62872
6631,0.62872
6632,0.62872
6633,0.62872
6634,0.62872
6635,0.62872
6636,0.62872
6644,0.62791
6645,0.62791
6646,0.62791
6647,0.62791
6648,0.62791
6649,0.62791
6652,0.62791
6659,0.62758
6660,0.62758
6661,0.62758
6662,0.62758
6664,0.62758
6666,0.62758
6669,0.62806
6670,0.62806
6671,0.62806
6673,0.62806
6675,0.62806
6678,0.62853
6679,0.62853
6680,0.62853
6681,0.62853
6682,0.62853
6686,0.62901
6687,0.62901
6696,0.6274
6698,0.6274
6699,0.6274
6700,0.6274
6701,0.6274
6704,0.6266
6705,0.6266
6708,0.6258
6709,0.6258
6710,0.6258
6711,0.6258
6714,0.62628
6720,0.62595
6723,0.62643
6724,0.62643
6727,0.62563
6728,0.62563
6729,0.62563
6730,0.62563
6731,0.62563
6732,0.62563
6735,0.62611
6736,0.62611
6737,0.62611
6738,0.62611
6739,0.62611
6740,0.62611
6743,0.62532
6744,0.62532
6747,0.62453
6750,0.625
6753,0.62547
6756,0.62469
6757,0.62469
6758,0.62469
6759,0.62469
6760,0.62469
6761,0.62469
6762,0.62469
6765,0.62516
6766,0.62516
6769,0.62563
6770,0.62563
6771,0.62563
6772,0.62563
6773,0.62563
6774,0.62563
6775,0.62563
6776,0.62563
6777,0.62563
6780,0.6261
6781,0.6261
6782,0.6261
6786,0.62531
6790,0.62531
6791,0.62531
6792,0.62531
6795,0.62453
6799,0.62375
6802,0.62422
6805,0.62469
6806,0.62469
6807,0.62469
6811,0.62516
6812,0.62516
6816,0.62438
6819,0.62484
6820,0.62484
6821,0.62484
6822,0.62484
6823,0.62484
6827,0.62531
6833,0.62376
6836,0.62423
6837,0.62423
6840,0.62469
6841,0.62469
6842,0.62469
6843,0.62469
6846,0.62515
6849,0.62562
6850,0.62562
6851,0.62562
6857,0.62654
6858,0.62654
6859,0.62654
6860,0.62654
6861,0.62654
6864,0.62577
6868,0.62623
6871,0.62546
6872,0.62546
6873,0.62546
6874,0.62546
6878,0.62592
6879,0.62592
6880,0.62592
6881,0.62592
6882,0.62592
6883,0.62592
6886,0.62637
6896,0.62652
6900,0.62576
6901,0.62576
6902,0.62576
6903,0.62576
6906,0.625
6913,0.62636
6916,0.62681
6918,0.62681
6922,0.62726
6923,0.62726
6926,0.62651
6927,0.62651
6928,0.62651
6930,0.62651
6931,0.62651
6934,0.62575
6935,0.62575
6936,0.62575
6937,0.62575
6941,0.6262
6942,0.6262
6943,0.6262
6944,0.6262
6947,0.62665
6953,0.62754
6954,0.62754
6958,0.62799
6959,0.62799
6963,0.62799
6964,0.62799
6965,0.62799
6970,0.62843
6973,0.62843
6974,0.62843
6977,0.62888
6978,0.62888
6982,0.62932
6983,0.62932
6984,0.62932
6986,0.62932
6987,0.62932
6990,0.62976
6991,0.62976
6992,0.62976
6996,0.6302
6999,0.63064
7002,0.63108
7005,0.63033
7006,0.63033
7009,0.63077
7012,0.63002
7016,0.62928
7017,0.62928
7018,0.62928
7019,0.62928
7020,0.62928
7021,0.62928
7022,0.62928
7023,0.62928
7024,0.62928
7026,0.62928
7029,0.62972
7030,0.62972
7033,0.62972
7034,0.62972
7037,0.62972
7038,0.62972
7039,0.62972
7040,0.62972
7041,0.62972
7042,0.62972
7047,0.63015
7048,0.63015
7051,0.62941
7052,0.62941
7053,0.62941
7059,0.62793
7062,0.62837
7063,0.62837
7064,0.62837
7065,0.62837
7066,0.62837
7068,0.62837
7069,0.62837
7070,0.62837
7073,0.62881
7076,0.62924
7079,0.6285
7082,0.62894
7083,0.62894
7084,0.62894
7085,0.62894
7086,0.62894
7090,0.62937
7091,0.62937
7092,0.62937
7095,0.62937
7096,0.62937
7097,0.62937
7103,0.63066
7107,0.63109
7110,0.63152
7111,0.63152
7114,0.63079
7117,0.63121
7118,0.63121
7121,0.63121
7124,0.63121
7126,0.63121
7127,0.63121
7130,0.63164
7134,0.63091
7137,0.63134
7138,0.63134
7145,0.63103
7148,0.63031
7149,0.63031
7150,0.63031
7156,0.63001
7159,0.63043
7160,0.63043
7163,0.63043
7165,0.63043
7169,0.63086
7170,0.63086
7173,0.63014
7174,0.63014
7175,0.63014
7178,0.62942
7183,0.62984
7184,0.62984
7185,0.62984
7186,0.62984
7187,0.62984
7188,0.62984
7189,0.62984
7192,0.62912
7195,0.62955
7198,0.62997
7199,0.62997
7200,0.62997
7201,0.62997
7204,0.63039
7208,0.62967
7210,0.62967
7213,0.63009
7217,0.62938
7221,0.6298
7222,0.6298
7223,0.6298
7224,0.6298
7225,0.6298
7227,0.6298
7229,0.6298
7230,0.6298
7231,0.6298
7232,0.6298
7233,0.6298
7234,0.6298
7235,0.6298
7236,0.6298
7237,0.6298
7238,0.6298
7241,0.63021
7242,0.63021
7245,0.63063
7248,0.63105
7252,0.63034
7253,0.63034
7254,0.63034
7255,0.63034
7256,0.63034
7257,0.63034
7260,0.62963
7263,0.62892
7266,0.62934
7267,0.62934
7268,0.62934
7269,0.62934
7272,0.62975
7273,0.62975
7274,0.62975
7275,0.62975
7276,0.62975
7277,0.62975
7281,0.62905
7284,0.62946
7285,0.62946
7286,0.62946
7289,0.62876
7291,0.62876
7294,0.62876
7295,0.62876
7296,0.62876
7297,0.62876
7301,0.62876
7304,0.62918
7305,0.62918
7306,0.62918
7314,0.62778
7317,0.62819
7319,0.62819
7320,0.62819
7322,0.62819
7325,0.62749
7327,0.62749
7330,0.62791
7333,0.62832
7336,0.62832
7337,0.62832
7340,0.62873
7341,0.62873
7345,0.62914
7346,0.62914
7347,0.62914
7349,0.62914
7351,0.62914
7353,0.62914
7354,0.62914
7357,0.62845
7360,0.62845
7361,0.62845
7364,0.62775
7365,0.62775
7372,0.62747
7373,0.62747
7375,0.62747
7376,0.62747
7379,0.62788
7382,0.62829
7384,0.62829
7388,0.6276
7389,0.6276
7390,0.6276
7394,0.62801
7398,0.62842
7399,0.62842
7402,0.62882
7403,0.62882
7404,0.62882
7405,0.62882
7406,0.62882
7409,0.62923
7417,0.63003
7418,0.63003
7422,0.63043
7423,0.63043
7426,0.63084
7430,0.63055
7433,0.63095
7436,0.63135
7437,0.63135
7438,0.63135
7439,0.63135
7440,0.63135
7443,0.63175
7446,0.63215
7447,0.63215
7449,0.63215
7452,0.63254
7453,0.63254
7455,0.63254
7458,0.63294
7460,0.63294
7462,0.63294
7463,0.63294
7464,0.63294
7468,0.63226
7471,0.63265
7472,0.63265
7476,0.63265
7477,0.63265
7478,0.63265
7479,0.63265
7483,0.63197
7484,0.63197
7485,0.63197
7488,0.63237
7489,0.63237
7493,0.63276
7497,0.63276
7500,0.63316
7503,0.63355
7504,0.63355
7505,0.63355
7507,0.63355
7508,0.63355
7509,0.63355
7510,0.63355
7514,0.63287
7515,0.63287
7516,0.63287
7517,0.63287
7521,0.63259
7522,0.63259
7523,0.63259
7524,0.63259
7525,0.63259
7526,0.63259
7527,0.63259
7529,0.63259
7530,0.63259
7531,0.63259
7532,0.63259
7533,0.63259
7537,0.63298
7540,0.63337
7544,0.63376
7547,0.63415
7548,0.63415
7551,0.63453
7552,0.63453
7555,0.63386
7556,0.63386
7559,0.63319
7560,0.63319
7564,0.63319
7567,0.63358
7568,0.63358
7571,0.63397
7572,0.63397
7573,0.63397
7574,0.63397
7575,0.63397
7578,0.63435
7579,0.63435
7580,0.63435
7581,0.63435
7582,0.63435
7583,0.63435
7584,0.63435
7585,0.63435
7586,0.63435
7587,0.63435
7588,0.63435
7589,0.63435
7590,0.63435
7591,0.63435
7595,0.63474
7596,0.63474
7597,0.63474
7600,0.63512
7601,0.63512
7604,0.6355
7608,0.63627
7611,0.6356
7612,0.6356
7615,0.63494
7618,0.63427
7619,0.63427
7620,0.63427
7621,0.63427
7624,0.63361
7628,0.63399
7629,0.63399
7632,0.63438
7633,0.63438
7636,0.63438
7637,0.63438
7638,0.63438
7639,0.63438
7641,0.63438
7642,0.63438
7643,0.63438
7646,0.63476
7647,0.63476
7649,0.63476
7652,0.6341
7653,0.6341
7654,0.6341
7655,0.6341
7656,0.6341
7657,0.6341
7658,0.6341
7659,0.6341
7660,0.6341
7663,0.63448
7664,0.63448
7667,0.63485
7668,0.63485
7669,0.63485
7670,0.63485
7673,0.63523
7676,0.63561
7677,0.63561
7678,0.63561
7684,0.63674
7687,0.63674
7688,0.63674
7691,0.63608
7694,0.63646
7697,0.63683
7698,0.63683
7700,0.63683
7701,0.63683
7702,0.63683
7705,0.6372
7706,0.6372
7707,0.6372
7710,0.6372
7715,0.63655
7716,0.63655
7717,0.63655
7720,0.63655
7721,0.63655
7724,0.63692
7725,0.63692
7726,0.63692
7727,0.63692
7728,0.63692
7729,0.63692
7730,0.63692
7735,0.63627
7736,0.63627
7740,0.63562
7741,0.63562
7744,0.63599
7745,0.63599
7746,0.63599
7747,0.63599
7748,0.63599
7749,0.63599
7752,0.63534
7758,0.63544
7760,0.63544
7764,0.63581
7765,0.63581
7768,0.63618
7769,0.63618
7771,0.63618
7772,0.63618
7775,0.63553
7776,0.63553
7777,0.63553
7778,0.63553
7781,0.63489
7782,0.63489
7783,0.63489
7785,0.63489
7786,0.63489
7789,0.63425
7790,0.63425
7793,0.63462
7794,0.63462
7798,0.63462
7800,0.63462
7803,0.63498
7804,0.63498
7807,0.63498
7808,0.63498
7811,0.63535
7814,0.63572
7816,0.63572
7817,0.63572
7818,0.63572
7820,0.63572
7826,0.63646
7827,0.63646
7828,0.63646
7834,0.63755
7835,0.63755
7836,0.63755
7837,0.63755
7838,0.63755
7843,0.63691
7844,0.63691
7845,0.63691
7847,0.63691
7849,0.63691
7853,0.63627
7854,0.63627
7855,0.63627
7858,0.63664
7859,0.63664
7860,0.63664
7866,0.63536
7867,0.63536
7868,0.63536
7870,0.63536
7873,0.63536
7877,0.63536
7880,0.63573
7886,0.63645
7887,0.63645
7890,0.63682
7893,0.63682
7894,0.63682
7895,0.63682
7898,0.63682
7899,0.63682
7900,0.63682
7901,0.63682
7904,0.63718
7907,0.63754
7908,0.63754
7909,0.63754
7910,0.63754
7911,0.63754
7914,0.6369
7915,0.6369
7916,0.6369
7917,0.6369
7918,0.6369
7919,0.6369
7920,0.6369
7921,0.6369
7925,0.63762
7928,0.63762
7929,0.63762
7930,0.63762
7933,0.63699
7937,0.63735
7940,0.63771
7942,0.63771
7946,0.63771
7947,0.63771
7950,0.63807
7953,0.63842
7954,0.63842
7958,0.6378
7959,0.6378
7962,0.63815
7966,0.63815
7967,0.63815
7970,0.63815
7971,0.63815
7972,0.63815
7973,0.63815
7976,0.63815
7977,0.63815
7980,0.63851
7982,0.63851
7983,0.63851
7984,0.63851
7987,0.63886
7988,0.63886
7991,0.63824
7992,0.63824
7995,0.63761
7998,0.63796
7999,0.63796
8000,0.63796
8004,0.63832
8005,0.63832
8008,0.63867
8009,0.63867
8010,0.63867
8011,0.63867
8012,0.63867
8013,0.63867
8016,0.63805
8020,0.6384
8021,0.6384
8022,0.6384
8023,0.6384
8026,0.63875
8027,0.63875
8028,0.63875
8031,0.63911
8036,0.63911
8039,0.63946
8042,0.63981
8043,0.63981
8053,0.63892
8056,0.63892
8058,0.63892
8059,0.63892
8060,0.63892
8063,0.63892
8066,0.63926
8067,0.63926
8068,0.63926
8071,0.63961
8073,0.63961
8074,0.63961
8077,0.63996
8081,0.63934
8082,0.63934
8085,0.63969
8086,0.63969
8087,0.63969
8088,0.63969
8091,0.63969
8094,0.64004
8095,0.64004
8098,0.64038
8101,0.63977
8102,0.63977
8103,0.63977
8106,0.63916
8107,0.63916
8108,0.63916
8109,0.63916
8110,0.63916
8113,0.6395
8114,0.6395
8115,0.6395
8116,0.6395
8117,0.6395
8120,0.63889
8123,0.63923
8124,0.63923
8125,0.63923
8128,0.63862
8131,0.63897
8132,0.63897
8133,0.63897
8134,0.63897
8136,0.63897
8142,0.6387
8145,0.6381
8146,0.6381
8147,0.6381
8150,0.63749
8151,0.63749
8154,0.63783
8155,0.63783
8156,0.63783
8157,0.63783
8158,0.63783
8161,0.63818
8164,0.63818
8167,0.63818
8168,0.63818
8169,0.63818
8170,0.63818
8171,0.63818
8172,0.63818
8175,0.63852
8176,0.63852
8177,0.63852
8188,0.63955
8189,0.63955
8190,0.63955
8191,0.63955
8192,0.63955
8193,0.63955
8194,0.63955
8195,0.63955
8196,0.63955
8197,0.63955
8198,0.63955
8201,0.63894
8204,0.63928
8205,0.63928
8206,0.63928
8209,0.63962
8210,0.63962
8213,0.63996
8214,0.63996
8215,0.63996
8216,0.63996
8220,0.63936
8221,0.63936
8222,0.63936
8225,0.63876
8228,0.6391
8229,0.6391
8232,0.63944
8233,0.63944
8234,0.63944
8235,0.63944
8236,0.63944
8237,0.63944
8238,0.63944
8239,0.63944
8240,0.63944
8241,0.63944
8242,0.63944
8243,0.63944
8244,0.63944
8247,0.63944
8253,0.63918
8256,0.63951
8257,0.63951
8258,0.63951
8259,0.63951
8262,0.63985
8263,0.63985
8266,0.63925
8267,0.63925
8269,0.63925
8271,0.63925
8275,0.63866
8276,0.63866
8279,0.63899
8282,0.63933
8283,0.63933
8287,0.63966
8288,0.63966
8289,0.63966
8290,0.63966
8293,0.64
8297,0.63941
8298,0.63941
8299,0.63941
8300,0.63941
8301,0.63941
8303,0.63941
8305,0.63941
8306,0.63941
8307,0.63941
8308,0.63941
8309,0.63941
8310,0.63941
8313,0.63974
8314,0.63974
8317,0.64007
8321,0.64041
8324,0.64074
8325,0.64074
8326,0.64074
8328,0.64074
8329,0.64074
8330,0.64074
8334,0.64107
8335,0.64107
8336,0.64107
8337,0.64107
8341,0.64107
8342,0.64107
8343,0.64107
8344,0.64107
8347,0.6414
8348,0.6414
8351,0.64081
8353,0.64081
8354,0.64081
8357,0.64022
8360,0.64055
8363,0.64088
8364,0.64088
8367,0.64029
8368,0.64029
8371,0.64062
8372,0.64062
8373,0.64062
8377,0.64062
8381,0.64096
8382,0.64096
8383,0.64096
8387,0.64037
8390,0.6407
8393,0.64103
8394,0.64103
8395,0.64103
8396,0.64103
8397,0.64103
8398,0.64103
8399,0.64103
8400,0.64103
8401,0.64103
8404,0.64044
8408,0.64077
8409,0.64077
8412,0.6411
8413,0.6411
8414,0.6411
8417,0.64142
8420,0.64175
8423,0.64117
8424,0.64117
8426,0.64117
8428,0.64117
8429,0.64117
8430,0.64117
8431,0.64117
8432,0.64117
8433,0.64117
8437,0.64149
8438,0.64149
8439,0.64149
8440,0.64149
8441,0.64149
8442,0.64149
8443,0.64149
8444,0.64149
8445,0.64149
8446,0.64149
8452,0.64182
8453,0.64182
8454,0.64182
8455,0.64182
8458,0.64214
8461,0.64247
8464,0.64247
8467,0.64189
8468,0.64189
8475,0.64195
8476,0.64195
8477,0.64195
8478,0.64195
8479,0.64195
8480,0.64195
8481,0.64195
8484,0.64228
8487,0.6417
8488,0.6417
8489,0.6417
8490,0.6417
8493,0.64112
8494,0.64112
8495,0.64112
8498,0.64144
8501,0.64176
8506,0.64119
8507,0.64119
8511,0.64151
8512,0.64151
8514,0.64151
8517,0.64093
8518,0.64093
8519,0.64093
8522,0.64126
8523,0.64126
8524,0.64126
8527,0.64068
8528,0.64068
8529,0.64068
8530,0.64068
8531,0.64068
8532,0.64068
8535,0.641
8536,0.641
8539,0.64043
8542,0.64075
8543,0.64075
8546,0.64075
8547,0.64075
8549,0.64075
8553,0.64018
8554,0.64018
8555,0.64018
8558,0.63961
8559,0.63961
8562,0.63993
8563,0.63993
8566,0.63993
8568,0.63993
8572,0.63936
8575,0.63879
8577,0.63879
8580,0.63822
8581,0.63822
8582,0.63822
8583,0.63822
8584,0.63822
8586,0.63822
8590,0.63854
8596,0.63886
8597,0.63886
8600,0.63918
8601,0.63918
8604,0.63862
8605,0.63862
8606,0.63862
8607,0.63862
8608,0.63862
8609,0.63862
8612,0.63805
8615,0.63837
8616,0.63837
8617,0.63837
8618,0.63837
8619,0.63837
8624,0.63869
8625,0.63869
8626,0.63869
8627,0.63869
8628,0.63869
8629,0.63869
8630,0.63869
8631,0.63869
8632,0.63869
8633,0.63869
8636,0.63813
8637,0.63813
8640,0.63757
8641,0.63757
8644,0.637
8645,0.637
8646,0.637
8647,0.637
8650,0.63732
8653,0.63764
8656,0.63708
8657,0.63708
8660,0.6374
8662,0.6374
8663,0.6374
8664,0.6374
8667,0.6374
8668,0.6374
8669,0.6374
8675,0.6374
8678,0.63772
8682,0.63716
8683,0.63716
8684,0.63716
8687,0.63748
8689,0.63748
8692,0.6378
8695,0.63724
8697,0.63724
8700,0.63755
8701,0.63755
8702,0.63755
8703,0.63755
8704,0.63755
8705,0.63755
8708,0.637
8709,0.637
8713,0.63644
8714,0.63644
8717,0.63676
8718,0.63676
8721,0.63708
8724,0.63739
8725,0.63739
8736,0.63747
8737,0.63747
8738,0.63747
8741,0.63747
8742,0.63747
8747,0.63692
8748,0.63692
8749,0.63692
8752,0.63692
8753,0.63692
8756,0.63636
8759,0.63636
8760,0.63636
8761,0.63636
8762,0.63636
8763,0.63636
8764,0.63636
8768,0.63581
8771,0.63613
8772,0.63613
8773,0.63613
8774,0.63613
8775,0.63613
8776,0.63613
8777,0.63613
8778,0.63613
8779,0.63613
8780,0.63613
8781,0.63613
8787,0.63644
8793,0.63676
8794,0.63676
8798,0.63707
8799,0.63707
8802,0.63738
8803,0.63738
8804,0.63738
8805,0.63738
8808,0.63769
8809,0.63769
8810,0.63769
8811,0.63769
8812,0.63769
8813,0.63769
8814,0.63769
8818,0.63801
8821,0.63832
8824,0.63863
8825,0.63863
8826,0.63863
8827,0.63863
8828,0.63863
8829,0.63863
8830,0.63863
8831,0.63863
8832,0.63863
8833,0.63863
8836,0.63808
8837,0.63808
8840,0.63753
8844,0.63699
8845,0.63699
8846,0.63699
8849,0.6373
8852,0.63761
8853,0.63761
8856,0.63792
8857,0.63792
8858,0.63792
8860,0.63792
8861,0.63792
8863,0.63792
8864,0.63792
8865,0.63792
8866,0.63792
8867,0.63792
8870,0.63792
8873,0.63823
8874,0.63823
8876,0.63823
8879,0.63768
8880,0.63768
8881,0.63768
8882,0.63768
8883,0.63768
8886,0.63714
8887,0.63714
8888,0.63714
8889,0.63714
8890,0.63714
8894,0.63776
8895,0.63776
8896,0.63776
8897,0.63776
8899,0.63776
8902,0.63776
8905,0.63806
8906,0.63806
8907,0.63806
8908,0.63806
8909,0.63806
8912,0.63752
8913,0.63752
8914,0.63752
8915,0.63752
8916,0.63752
8917,0.63752
8920,0.63752
8923,0.63698
8924,0.63698
8925,0.63698
8928,0.63644
8929,0.63644
8930,0.63644
8931,0.63644
8932,0.63644
8933,0.63644
8934,0.63644
8937,0.63675
8938,0.63675
8940,0.63675
8941,0.63675
8942,0.63675
8946,0.63736
8947,0.63736
8950,0.63767
8951,0.63767
8952,0.63767
8953,0.63767
8954,0.63767
8958,0.63713
8959,0.63713
8962,0.63744
8965,0.6369
8966,0.6369
8968,0.6369
8971,0.63721
8974,0.63667
8976,0.63667
8979,0.63697
8980,0.63697
8981,0.63697
8983,0.63697
8986,0.63728
8990,0.63758
8991,0.63758
8993,0.63758
8996,0.63789
9003,0.63766
9004,0.63766
9006,0.63766
9007,0.63766
9010,0.63796
9013,0.63796
9016,0.63743
9017,0.63743
9018,0.63743
9019,0.63743
9020,0.63743
9022,0.63743
9023,0.63743
9024,0.63743
9025,0.63743
9026,0.63743
9027,0.63743
9033,0.63803
9034,0.63803
9035,0.63803
9038,0.63803
9041,0.63833
9042,0.63833
9045,0.63863
9046,0.63863
9050,0.6381
9051,0.6381
9052,0.6381
9053,0.6381
9054,0.6381
9055,0.6381
9056,0.6381
9057,0.6381
9058,0.6381
9059,0.6381
9060,0.6381
9063,0.6384
9064,0.6384
9065,0.6384
9066,0.6384
9067,0.6384
9068,0.6384
9069,0.6384
9072,0.6387
9073,0.6387
9075,0.6387
9077,0.6387
9082,0.639
9085,0.63847
9086,0.63847
9087,0.63847
9088,0.63847
9089,0.63847
9092,0.63877
9095,0.63825
9096,0.63825
9099,0.63854
9100,0.63854
9101,0.63854
9102,0.63854
9105,0.63854
9106,0.63854
9107,0.63854
9108,0.63854
9109,0.63854
9113,0.63854
9114,0.63854
9115,0.63854
9118,0.63802
9121,0.63832
9122,0.63832
9123,0.63832
9126,0.63861
9127,0.63861
9128,0.63861
9129,0.63861
9130,0.63861
9133,0.63891
9140,0.63868
9143,0.63898
9144,0.63898
9150,0.63957
9151,0.63957
9152,0.63957
9153,0.63957
9156,0.63987
9158,0.63987
9161,0.63934
9163,0.63934
9164,0.63934
9170,0.6383
9173,0.63859
9174,0.63859
9175,0.63859
9178,0.63807
9179,0.63807
9182,0.63837
9184,0.63837
9187,0.63785
9190,0.63733
9193,0.63681
9195,0.63681
9196,0.63681
9199,0.63681
9200,0.63681
9201,0.63681
9202,0.63681
9203,0.63681
9204,0.63681
9205,0.63681
9206,0.63681
9209,0.63629
9210,0.63629
9211,0.63629
9214,0.63659
9215,0.63659
9216,0.63659
9217,0.63659
9219,0.63659
9222,0.63607
9225,0.63555
9232,0.63533
9235,0.63563
9236,0.63563
9239,0.63592
9241,0.63592
9242,0.63592
9243,0.63592
9244,0.63592
9247,0.63622
9248,0.63622
9254,0.636
9255,0.636
9256,0.636
9257,0.636
9260,0.63629
9262,0.63629
9263,0.63629
9266,0.63578
9268,0.63578
9269,0.63578
9273,0.63527
9274,0.63527
9277,0.63527
9278,0.63527
9279,0.63527
9280,0.63527
9281,0.63527
9282,0.63527
9283,0.63527
9284,0.63527
9285,0.63527
9286,0.63527
9287,0.63527
9291,0.63585
9294,0.63614
9295,0.63614
9298,0.63563
9302,0.63512
9303,0.63512
9304,0.63512
9306,0.63512
9307,0.63512
9310,0.63542
9316,0.636
9320,0.63629
9321,0.63629
9322,0.63629
9326,0.63658
9327,0.63658
9330,0.63687
9331,0.63687
9332,0.63687
9334,0.63687
9335,0.63687
9338,0.63716
9342,0.63774
9345,0.63803
9348,0.63831
9349,0.63831
9350,0.63831
9353,0.63781
9354,0.63781
9358,0.6381
9359,0.6381
9360,0.6381
9361,0.6381
9364,0.63838
9365,0.63838
9369,0.63867
9370,0.63867
9371,0.63867
9372,0.63867
9373,0.63867
9379,0.63845
9380,0.63845
9383,0.63874
9384,0.63874
9385,0.63874
9388,0.63902
9389,0.63902
9390,0.63902
9391,0.63902
9392,0.63902
9393,0.63902
9394,0.63902
9395,0.63902
9396,0.63902
9399,0.63852
9400,0.63852
9404,0.63801
9405,0.63801
9411,0.63858
9417,0.63836
9418,0.63836
9421,0.63865
9422,0.63865
9423,0.63865
9424,0.63865
9426,0.63865
9427,0.63865
9430,0.63893
9432,0.63893
9433,0.63893
9436,0.63922
9437,0.63922
9438,0.63922
9441,0.63871
9442,0.63871
9443,0.63871
9444,0.63871
9445,0.63871
9446,0.63871
9447,0.63871
9448,0.63871
9451,0.639
9454,0.6385
9457,0.63878
9461,0.63906
9464,0.63934
9468,0.63963
9469,0.63963
9472,0.63913
9473,0.63913
9474,0.63913
9475,0.63913
9476,0.63913
9478,0.63913
9479,0.63913
9482,0.63941
9483,0.63941
9486,0.63969
9487,0.63969
9488,0.63969
9494,0.63975
9495,0.63975
9496,0.63975
9497,0.63975
9500,0.64003
9501,0.64003
9504,0.64031
9505,0.64031
9506,0.64031
9507,0.64031
9510,0.63981
9511,0.63981
9518,0.6396
9521,0.63988
9525,0.64015
9528,0.63966
9529,0.63966
9530,0.63966
9533,0.63917
9536,0.63867
9537,0.63867
9538,0.63867
9539,0.63867
9541,0.63867
9544,0.63818
9545,0.63818
9548,0.63769
9549,0.63769
9550,0.63769
9551,0.63769
9554,0.63797
9555,0.63797
9558,0.63748
9559,0.63748
9562,0.63748
9563,0.63748
9564,0.63748
9567,0.63748
9568,0.63748
9569,0.63748
9570,0.63748
9571,0.63748
9572,0.63748
9573,0.63748
9574,0.63748
9575,0.63748
9576,0.63748
9579,0.63699
9582,0.6365
9583,0.6365
9584,0.6365
9585,0.6365
9586,0.6365
9587,0.6365
9589,0.6365
9590,0.6365
9593,0.6365
9594,0.6365
9597,0.6365
9598,0.6365
9599,0.6365
9602,0.63602
9605,0.63553
9606,0.63553
9607,0.63553
9611,0.63581
9617,0.63484
9620,0.63511
9623,0.63539
9624,0.63539
9627,0.63539
9628,0.63539
9629,0.63539
9630,0.63539
9631,0.63539
9632,0.63539
9633,0.63539
9634,0.63539
9635,0.63539
9636,0.63539
9639,0.63567
9641,0.63567
9644,0.63595
9645,0.63595
9646,0.63595
9647,0.63595
9648,0.63595
9651,0.63546
9652,0.63546
9653,0.63546
9654,0.63546
9655,0.63546
9656,0.63546
9657,0.63546
9660,0.63498
9661,0.63498
9663,0.63498
9666,0.6345
9667,0.6345
9668,0.6345
9669,0.6345
9672,0.63478
9678,0.63533
9679,0.63533
9680,0.63533
9683,0.63561
9684,0.63561
9685,0.63561
9686,0.63561
9687,0.63561
9694,0.63464
9698,0.63416
9699,0.63416
9702,0.63444
9703,0.63444
9706,0.63472
9707,0.63472
9709,0.63472
9710,0.63472
9711,0.63472
9714,0.63499
9718,0.63527
9719,0.63527
9720,0.63527
9724,0.63554
9727,0.63506
9728,0.63506
9729,0.63506
9732,0.63534
9734,0.63534
9736,0.63534
9737,0.63534
9738,0.63534
9739,0.63534
9740,0.63534
9741,0.63534
9742,0.63534
9745,0.63561
9747,0.63561
9749,0.63561
9750,0.63561
9753,0.63589
9756,0.63541
9757,0.63541
9759,0.63541
9760,0.63541
9761,0.63541
9764,0.63568
9766,0.63568
9770,0.63596
9771,0.63596
9773,0.63596
9774,0.63596
9777,0.63623
9781,0.6365
9788,0.63602
9789,0.63602
9790,0.63602
9791,0.63602
9792,0.63602
9795,0.6363
9796,0.6363
9797,0.6363
9798,0.6363
9799,0.6363
9801,0.6363
9802,0.6363
9803,0.6363
9806,0.63582
9809,0.63535
9810,0.63535
9812,0.63535
9814,0.63535
9815,0.63535
9818,0.63487
9822,0.6344
9823,0.6344
9824,0.6344
9825,0.6344
9828,0.63467
9829,0.63467
9833,0.63494
9834,0.63494
9837,0.63447
9838,0.63447
9839,0.63447
9840,0.63447
9841,0.63447
9842,0.63447
9844,0.63447
9845,0.63447
9848,0.63474
9849,0.63474
9850,0.63474
9851,0.63474
9852,0.63474
9854,0.63474
9857,0.63427
9860,0.63454
9861,0.63454
9862,0.63454
9863,0.63454
9864,0.63454
9867,0.63454
9868,0.63454
9871,0.63407
9873,0.63407
9874,0.63407
9880,0.63434
9882,0.63434
9883,0.63434
9884,0.63434
9885,0.63434
9888,0.63388
9891,0.63415
9892,0.63415
9893,0.63415
9900,0.63395
9901,0.63395
9902,0.63395
9903,0.63395
9906,0.63348
9907,0.63348
9908,0.63348
9909,0.63348
9910,0.63348
9914,0.63375
9915,0.63375
9916,0.63375
9918,0.63375
9919,0.63375
9920,0.63375
9921,0.63375
9922,0.63375
9923,0.63375
9924,0.63375
9926,0.63375
9927,0.63375
9928,0.63375
9929,0.63375
9933,0.63402
9934,0.63402
9935,0.63402
9936,0.63402
9937,0.63402
9938,0.63402
9939,0.63402
9940,0.63402
9941,0.63402
9942,0.63402
9943,0.63402
9946,0.63429
9949,0.63382
9950,0.63382
9951,0.63382
9952,0.63382
9955,0.63409
9958,0.63409
9959,0.63409
9960,0.63409
9961,0.63409
9962,0.63409
9963,0.63409
9964,0.63409
9967,0.63436
9970,0.6339
9971,0.6339
9972,0.6339
9975,0.63343
9978,0.6337
9981,0.63324
9982,0.63324
9983,0.63324
9984,0.63324
9985,0.63324
9988,0.6335
9989,0.6335
9992,0.63304
9995,0.63331
9998,0.63358
9999,0.63358
10000,0.63358
